date,dma,orders,revenue,ad_spend
2025-09-15,New York,279,8672.83,1302.61
2025-09-15,Los Angeles,258,7720.61,1482.66
2025-09-15,Chicago,158,4695.43,797.86
2025-09-15,Dallas-Fort Worth,152,4506.09,669.81
2025-09-15,Houston,113,3483.78,513.52
2025-09-15,Philadelphia,130,3984.97,646.19
2025-09-15,Washington DC,129,3491.72,633.85
2025-09-15,Atlanta,116,3791.43,533.81
2025-09-15,Boston,119,3582.88,531.37
2025-09-15,San Francisco,106,2904.06,516.72
2025-09-15,Phoenix,116,3177.91,502.27
2025-09-15,Seattle,95,2747.66,467.29
2025-09-15,Minneapolis,85,2492.28,436.49
2025-09-15,Detroit,79,2529.3,429.17
2025-09-15,Denver,77,2313.95,392.23
2025-09-15,Miami,92,2804.68,442.91
2025-09-15,Tampa,86,2659.88,379.31
2025-09-15,Orlando,67,1942.77,275.79
2025-09-15,Portland,76,2383.71,382.74
2025-09-15,San Diego,65,2036.91,272.98
2025-09-16,New York,295,9513.67,1422.26
2025-09-16,Los Angeles,234,7692.42,1216.07
2025-09-16,Chicago,190,5618.9,868.97
2025-09-16,Dallas-Fort Worth,138,4297.95,882.7
2025-09-16,Houston,127,3925.91,597.03
2025-09-16,Philadelphia,140,4489.01,718.1
2025-09-16,Washington DC,125,3901.2,436.96
2025-09-16,Atlanta,130,4419.4,675.65
2025-09-16,Boston,101,2968.89,515.91
2025-09-16,San Francisco,128,4017.61,704.41
2025-09-16,Phoenix,105,3092.36,557.33
2025-09-16,Seattle,125,3643.81,608.14
2025-09-16,Minneapolis,92,2961.3,455.46
2025-09-16,Detroit,73,2036.69,398.1
2025-09-16,Denver,70,2169.83,335.96
2025-09-16,Miami,101,3278.07,569.68
2025-09-16,Tampa,87,2555.35,412.74
2025-09-16,Orlando,79,2187.23,444.02
2025-09-16,Portland,60,1803.26,315.09
2025-09-16,San Diego,63,1942.47,305.94
2025-09-17,New York,322,9388.17,1765.31
2025-09-17,Los Angeles,278,9143.12,1239.67
2025-09-17,Chicago,188,5926.04,924.44
2025-09-17,Dallas-Fort Worth,134,3808.95,730.05
2025-09-17,Houston,150,4804.4,749.3
2025-09-17,Philadelphia,125,3300.55,603.47
2025-09-17,Washington DC,130,3700.21,619.02
2025-09-17,Atlanta,127,3909.11,629.18
2025-09-17,Boston,93,2689.82,416.44
2025-09-17,San Francisco,122,3390.17,640.94
2025-09-17,Phoenix,112,3433.57,535.37
2025-09-17,Seattle,119,3415.1,573.14
2025-09-17,Minneapolis,92,2834.07,440.71
2025-09-17,Detroit,77,2330.91,292.18
2025-09-17,Denver,67,2088.14,248.9
2025-09-17,Miami,92,2759.91,427.24
2025-09-17,Tampa,74,2277.33,359.52
2025-09-17,Orlando,57,1761.53,292.3
2025-09-17,Portland,68,1949.13,278.78
2025-09-17,San Diego,84,2512.96,459.44
2025-09-18,New York,306,9906.82,1721.98
2025-09-18,Los Angeles,297,8578.23,1338.5
2025-09-18,Chicago,200,6051.0,987.51
2025-09-18,Dallas-Fort Worth,144,3997.56,799.76
2025-09-18,Houston,146,4173.32,711.81
2025-09-18,Philadelphia,122,3545.84,557.88
2025-09-18,Washington DC,134,4099.37,660.18
2025-09-18,Atlanta,145,4352.38,689.71
2025-09-18,Boston,126,3950.31,555.53
2025-09-18,San Francisco,134,4058.97,625.86
2025-09-18,Phoenix,122,3810.33,726.78
2025-09-18,Seattle,115,3320.94,577.28
2025-09-18,Minneapolis,91,2843.97,379.72
2025-09-18,Detroit,91,2674.87,398.97
2025-09-18,Denver,75,2143.53,393.49
2025-09-18,Miami,107,3237.98,585.65
2025-09-18,Tampa,78,2413.73,411.53
2025-09-18,Orlando,76,2193.71,347.83
2025-09-18,Portland,68,2071.46,337.94
2025-09-18,San Diego,66,2029.83,351.84
2025-09-19,New York,349,10825.47,1766.07
2025-09-19,Los Angeles,275,8766.53,1362.0
2025-09-19,Chicago,217,6479.05,723.62
2025-09-19,Dallas-Fort Worth,148,4611.87,772.59
2025-09-19,Houston,162,5125.11,941.59
2025-09-19,Philadelphia,138,4324.34,742.74
2025-09-19,Washington DC,128,3954.03,708.25
2025-09-19,Atlanta,142,4665.26,881.38
2025-09-19,Boston,129,3778.72,691.4
2025-09-19,San Francisco,123,3837.08,634.01
2025-09-19,Phoenix,101,2946.38,466.64
2025-09-19,Seattle,93,2867.88,539.03
2025-09-19,Minneapolis,88,2770.61,376.58
2025-09-19,Detroit,86,2565.98,448.67
2025-09-19,Denver,99,2915.57,508.45
2025-09-19,Miami,105,3201.57,463.66
2025-09-19,Tampa,84,2505.96,334.87
2025-09-19,Orlando,83,2482.2,386.38
2025-09-19,Portland,74,2213.06,430.64
2025-09-19,San Diego,76,2126.36,381.79
2025-09-20,New York,389,11715.58,1754.24
2025-09-20,Los Angeles,329,10139.04,1702.99
2025-09-20,Chicago,238,7026.8,1308.72
2025-09-20,Dallas-Fort Worth,189,5859.02,970.34
2025-09-20,Houston,172,4985.46,755.96
2025-09-20,Philadelphia,177,5355.62,808.95
2025-09-20,Washington DC,163,4769.45,840.31
2025-09-20,Atlanta,164,5019.82,916.98
2025-09-20,Boston,157,4975.63,691.04
2025-09-20,San Francisco,143,4357.07,688.37
2025-09-20,Phoenix,155,4386.37,822.69
2025-09-20,Seattle,151,4341.84,700.12
2025-09-20,Minneapolis,130,3901.02,589.12
2025-09-20,Detroit,107,3295.06,591.99
2025-09-20,Denver,92,2729.76,431.63
2025-09-20,Miami,146,4381.08,788.58
2025-09-20,Tampa,100,2951.59,372.12
2025-09-20,Orlando,106,3353.27,509.49
2025-09-20,Portland,86,2896.68,404.78
2025-09-20,San Diego,97,3051.81,505.65
2025-09-21,New York,414,11590.64,2173.08
2025-09-21,Los Angeles,301,8961.15,1550.94
2025-09-21,Chicago,188,5716.25,1048.01
2025-09-21,Dallas-Fort Worth,173,5478.68,923.32
2025-09-21,Houston,175,4986.21,802.7
2025-09-21,Philadelphia,161,4946.29,819.53
2025-09-21,Washington DC,133,4154.21,591.96
2025-09-21,Atlanta,160,5301.9,915.66
2025-09-21,Boston,139,4257.43,577.67
2025-09-21,San Francisco,132,4416.76,532.02
2025-09-21,Phoenix,132,3923.37,694.86
2025-09-21,Seattle,119,3714.29,593.04
2025-09-21,Minneapolis,98,2808.88,512.17
2025-09-21,Detroit,90,2813.84,352.43
2025-09-21,Denver,109,3090.74,623.44
2025-09-21,Miami,132,3907.1,762.26
2025-09-21,Tampa,97,2969.42,559.44
2025-09-21,Orlando,88,2762.62,406.04
2025-09-21,Portland,94,2737.29,523.54
2025-09-21,San Diego,89,2758.24,357.34
2025-09-22,New York,287,8809.86,1360.09
2025-09-22,Los Angeles,261,7750.79,1160.37
2025-09-22,Chicago,166,4966.22,761.75
2025-09-22,Dallas-Fort Worth,120,3774.82,562.44
2025-09-22,Houston,124,3969.56,599.72
2025-09-22,Philadelphia,123,3595.21,576.99
2025-09-22,Washington DC,98,3183.82,510.17
2025-09-22,Atlanta,114,3419.83,519.51
2025-09-22,Boston,108,3074.68,557.84
2025-09-22,San Francisco,106,3147.9,563.75
2025-09-22,Phoenix,104,3181.46,440.84
2025-09-22,Seattle,87,2599.19,488.41
2025-09-22,Minneapolis,80,2424.38,402.08
2025-09-22,Detroit,74,2259.14,313.15
2025-09-22,Denver,69,2256.67,376.02
2025-09-22,Miami,84,2580.16,402.23
2025-09-22,Tampa,65,1971.42,300.63
2025-09-22,Orlando,76,2255.08,352.03
2025-09-22,Portland,64,1899.23,344.11
2025-09-22,San Diego,71,2032.25,379.85
2025-09-23,New York,302,9523.7,1415.92
2025-09-23,Los Angeles,280,8445.76,1562.48
2025-09-23,Chicago,177,5450.14,735.75
2025-09-23,Dallas-Fort Worth,130,3912.8,579.69
2025-09-23,Houston,123,3232.36,548.64
2025-09-23,Philadelphia,131,3692.39,693.1
2025-09-23,Washington DC,104,3420.55,581.59
2025-09-23,Atlanta,94,2537.01,470.96
2025-09-23,Boston,97,2803.7,501.42
2025-09-23,San Francisco,91,2814.78,450.42
2025-09-23,Phoenix,92,2938.76,489.43
2025-09-23,Seattle,95,2997.49,443.94
2025-09-23,Minneapolis,74,2198.92,373.18
2025-09-23,Detroit,82,2453.72,413.78
2025-09-23,Denver,79,2389.39,436.19
2025-09-23,Miami,96,2982.11,460.51
2025-09-23,Tampa,72,2005.78,373.97
2025-09-23,Orlando,74,2076.04,323.41
2025-09-23,Portland,78,2385.23,373.38
2025-09-23,San Diego,72,2087.38,363.46
2025-09-24,New York,257,7265.45,1314.48
2025-09-24,Los Angeles,232,7257.48,1130.96
2025-09-24,Chicago,172,5331.08,878.7
2025-09-24,Dallas-Fort Worth,159,4601.4,823.95
2025-09-24,Houston,147,4349.87,710.45
2025-09-24,Philadelphia,135,4225.41,631.89
2025-09-24,Washington DC,131,3765.47,553.52
2025-09-24,Atlanta,127,3798.19,572.99
2025-09-24,Boston,106,3232.64,544.27
2025-09-24,San Francisco,120,3631.33,575.66
2025-09-24,Phoenix,116,3822.95,575.29
2025-09-24,Seattle,98,2943.09,465.21
2025-09-24,Minneapolis,78,2350.9,389.93
2025-09-24,Detroit,77,2431.45,489.12
2025-09-24,Denver,84,2406.77,419.32
2025-09-24,Miami,102,3042.21,511.64
2025-09-24,Tampa,81,2313.98,428.7
2025-09-24,Orlando,70,2288.33,327.72
2025-09-24,Portland,59,1839.04,257.74
2025-09-24,San Diego,96,3058.4,514.89
2025-09-25,New York,315,9811.12,1536.98
2025-09-25,Los Angeles,247,7148.34,1294.24
2025-09-25,Chicago,185,5416.58,905.89
2025-09-25,Dallas-Fort Worth,159,5075.0,797.18
2025-09-25,Houston,135,4181.31,546.85
2025-09-25,Philadelphia,124,3568.02,588.77
2025-09-25,Washington DC,128,4051.03,772.69
2025-09-25,Atlanta,137,4036.83,701.05
2025-09-25,Boston,110,3357.58,531.77
2025-09-25,San Francisco,117,3685.48,556.72
2025-09-25,Phoenix,119,3687.83,569.72
2025-09-25,Seattle,95,3074.76,426.17
2025-09-25,Minneapolis,102,3363.11,532.07
2025-09-25,Detroit,85,2529.67,383.88
2025-09-25,Denver,88,2563.51,435.93
2025-09-25,Miami,115,3484.48,718.42
2025-09-25,Tampa,90,2816.71,483.19
2025-09-25,Orlando,87,2583.19,412.25
2025-09-25,Portland,69,1952.62,315.33
2025-09-25,San Diego,70,2209.53,365.03
2025-09-26,New York,320,9219.06,1408.03
2025-09-26,Los Angeles,269,7405.89,1376.09
2025-09-26,Chicago,204,5957.83,1030.31
2025-09-26,Dallas-Fort Worth,173,5363.47,843.06
2025-09-26,Houston,161,4883.22,666.68
2025-09-26,Philadelphia,159,4904.82,829.96
2025-09-26,Washington DC,147,4706.69,640.86
2025-09-26,Atlanta,160,4657.31,715.56
2025-09-26,Boston,112,3197.61,561.85
2025-09-26,San Francisco,120,3366.32,641.54
2025-09-26,Phoenix,101,2860.76,612.29
2025-09-26,Seattle,119,3527.99,607.34
2025-09-26,Minneapolis,101,3120.98,513.29
2025-09-26,Detroit,95,2873.51,447.88
2025-09-26,Denver,88,2794.44,399.81
2025-09-26,Miami,110,3090.05,476.67
2025-09-26,Tampa,82,2397.09,422.52
2025-09-26,Orlando,92,2693.75,453.45
2025-09-26,Portland,76,2471.72,410.6
2025-09-26,San Diego,79,2441.02,376.04
2025-09-27,New York,356,9929.03,1700.57
2025-09-27,Los Angeles,325,9361.59,1566.74
2025-09-27,Chicago,227,6486.15,1256.79
2025-09-27,Dallas-Fort Worth,198,5906.11,1005.68
2025-09-27,Houston,193,6070.4,1043.45
2025-09-27,Philadelphia,161,5300.79,774.78
2025-09-27,Washington DC,173,5297.48,861.46
2025-09-27,Atlanta,164,4703.65,663.83
2025-09-27,Boston,164,5081.97,819.51
2025-09-27,San Francisco,147,4278.14,853.86
2025-09-27,Phoenix,139,3998.28,769.82
2025-09-27,Seattle,142,4604.4,584.14
2025-09-27,Minneapolis,112,3280.94,590.79
2025-09-27,Detroit,116,3410.23,561.22
2025-09-27,Denver,108,3356.18,606.08
2025-09-27,Miami,114,3197.4,570.23
2025-09-27,Tampa,98,3128.48,466.12
2025-09-27,Orlando,99,2876.75,611.75
2025-09-27,Portland,86,2500.1,518.55
2025-09-27,San Diego,106,3121.09,501.91
2025-09-28,New York,371,11124.39,1853.03
2025-09-28,Los Angeles,352,10108.6,2129.11
2025-09-28,Chicago,191,5257.08,1046.44
2025-09-28,Dallas-Fort Worth,190,6027.95,1088.74
2025-09-28,Houston,176,4803.16,942.49
2025-09-28,Philadelphia,159,4847.75,683.38
2025-09-28,Washington DC,151,4623.93,769.59
2025-09-28,Atlanta,147,4582.62,721.51
2025-09-28,Boston,149,4398.34,733.37
2025-09-28,San Francisco,116,3588.93,631.22
2025-09-28,Phoenix,126,3497.81,661.4
2025-09-28,Seattle,128,3806.51,667.61
2025-09-28,Minneapolis,104,2992.75,496.62
2025-09-28,Detroit,99,3143.22,552.64
2025-09-28,Denver,99,2986.05,602.81
2025-09-28,Miami,119,3492.74,634.82
2025-09-28,Tampa,105,3138.33,544.91
2025-09-28,Orlando,91,2552.96,467.6
2025-09-28,Portland,93,2639.92,486.61
2025-09-28,San Diego,80,2408.88,418.42
2025-09-29,New York,284,8191.53,1341.45
2025-09-29,Los Angeles,272,7718.54,1541.17
2025-09-29,Chicago,136,3823.68,725.81
2025-09-29,Dallas-Fort Worth,149,4334.18,735.28
2025-09-29,Houston,124,3717.67,693.82
2025-09-29,Philadelphia,106,3326.32,551.95
2025-09-29,Washington DC,120,3862.35,664.49
2025-09-29,Atlanta,116,3683.18,507.83
2025-09-29,Boston,103,3303.8,569.54
2025-09-29,San Francisco,104,2926.67,546.36
2025-09-29,Phoenix,95,2527.76,462.14
2025-09-29,Seattle,89,2791.83,378.34
2025-09-29,Minneapolis,77,2454.97,370.65
2025-09-29,Detroit,89,2822.66,402.39
2025-09-29,Denver,86,2691.11,404.42
2025-09-29,Miami,82,2585.77,368.54
2025-09-29,Tampa,85,2649.69,380.58
2025-09-29,Orlando,56,1651.58,295.22
2025-09-29,Portland,59,1792.73,251.79
2025-09-29,San Diego,77,2333.97,476.94
2025-09-30,New York,333,10644.12,1751.19
2025-09-30,Los Angeles,216,6624.91,1013.01
2025-09-30,Chicago,175,5030.84,940.26
2025-09-30,Dallas-Fort Worth,141,4167.58,712.34
2025-09-30,Houston,98,3057.1,482.8
2025-09-30,Philadelphia,145,4444.25,845.42
2025-09-30,Washington DC,111,3287.04,513.18
2025-09-30,Atlanta,122,3801.23,502.09
2025-09-30,Boston,117,3386.03,513.55
2025-09-30,San Francisco,97,2963.92,455.14
2025-09-30,Phoenix,105,3085.92,511.85
2025-09-30,Seattle,86,2521.74,476.53
2025-09-30,Minneapolis,88,2759.37,433.65
2025-09-30,Detroit,92,2612.37,527.2
2025-09-30,Denver,88,2505.21,477.58
2025-09-30,Miami,92,2899.33,499.15
2025-09-30,Tampa,85,2442.73,358.63
2025-09-30,Orlando,67,1911.66,326.97
2025-09-30,Portland,66,1917.93,367.53
2025-09-30,San Diego,74,2300.9,343.68
2025-10-01,New York,335,9555.49,1640.51
2025-10-01,Los Angeles,267,7921.05,1570.81
2025-10-01,Chicago,167,5168.87,789.74
2025-10-01,Dallas-Fort Worth,142,4222.38,786.76
2025-10-01,Houston,138,4392.35,712.03
2025-10-01,Philadelphia,124,3590.76,502.72
2025-10-01,Washington DC,125,3889.91,620.08
2025-10-01,Atlanta,122,3921.37,612.05
2025-10-01,Boston,116,3481.42,591.88
2025-10-01,San Francisco,96,2701.95,427.79
2025-10-01,Phoenix,112,3202.39,536.05
2025-10-01,Seattle,108,3065.52,461.14
2025-10-01,Minneapolis,76,2467.33,371.77
2025-10-01,Detroit,77,1994.81,394.92
2025-10-01,Denver,76,2112.26,439.37
2025-10-01,Miami,103,3037.6,434.16
2025-10-01,Tampa,92,2941.6,528.22
2025-10-01,Orlando,78,2332.4,370.11
2025-10-01,Portland,68,2217.36,332.91
2025-10-01,San Diego,65,1944.81,302.09
2025-10-02,New York,289,8249.12,1402.91
2025-10-02,Los Angeles,250,6474.68,1129.2
2025-10-02,Chicago,171,5202.53,967.17
2025-10-02,Dallas-Fort Worth,167,4741.87,836.61
2025-10-02,Houston,158,4697.85,696.0
2025-10-02,Philadelphia,135,4225.06,697.07
2025-10-02,Washington DC,140,4112.17,689.33
2025-10-02,Atlanta,127,3761.91,554.1
2025-10-02,Boston,141,4119.19,686.44
2025-10-02,San Francisco,110,3188.04,423.86
2025-10-02,Phoenix,122,3648.97,537.56
2025-10-02,Seattle,114,3350.17,524.55
2025-10-02,Minneapolis,81,2324.5,426.33
2025-10-02,Detroit,89,2474.33,428.42
2025-10-02,Denver,88,2654.15,386.39
2025-10-02,Miami,97,2863.76,504.03
2025-10-02,Tampa,95,2822.12,399.43
2025-10-02,Orlando,78,2330.32,360.68
2025-10-02,Portland,67,1909.06,344.1
2025-10-02,San Diego,82,2375.06,371.33
2025-10-03,New York,348,11083.27,1664.54
2025-10-03,Los Angeles,319,9420.86,1389.09
2025-10-03,Chicago,215,6640.65,1150.37
2025-10-03,Dallas-Fort Worth,180,5543.3,850.92
2025-10-03,Houston,136,3949.68,680.09
2025-10-03,Philadelphia,142,4348.65,810.12
2025-10-03,Washington DC,142,4069.99,810.19
2025-10-03,Atlanta,136,4073.81,528.55
2025-10-03,Boston,116,3636.69,600.36
2025-10-03,San Francisco,140,4671.26,693.35
2025-10-03,Phoenix,122,3627.54,619.57
2025-10-03,Seattle,126,3643.42,729.78
2025-10-03,Minneapolis,86,2647.73,485.47
2025-10-03,Detroit,98,3033.86,434.02
2025-10-03,Denver,105,3331.8,487.92
2025-10-03,Miami,96,2743.96,453.26
2025-10-03,Tampa,77,2338.85,404.63
2025-10-03,Orlando,86,2550.94,481.83
2025-10-03,Portland,82,2742.27,384.6
2025-10-03,San Diego,85,2446.85,414.86
2025-10-04,New York,403,12752.09,2206.49
2025-10-04,Los Angeles,326,8439.69,1290.13
2025-10-04,Chicago,263,7442.05,1464.32
2025-10-04,Dallas-Fort Worth,188,5404.58,1005.88
2025-10-04,Houston,194,6067.11,921.22
2025-10-04,Philadelphia,180,5432.99,1065.66
2025-10-04,Washington DC,169,5308.9,726.48
2025-10-04,Atlanta,176,5703.86,803.62
2025-10-04,Boston,166,4770.07,850.1
2025-10-04,San Francisco,143,3975.87,701.88
2025-10-04,Phoenix,135,4273.95,600.91
2025-10-04,Seattle,129,3678.52,695.03
2025-10-04,Minneapolis,118,3688.21,552.88
2025-10-04,Detroit,111,3494.87,534.92
2025-10-04,Denver,105,3175.89,549.37
2025-10-04,Miami,129,3624.0,611.78
2025-10-04,Tampa,96,3301.75,490.71
2025-10-04,Orlando,87,2559.57,384.45
2025-10-04,Portland,105,3248.66,500.46
2025-10-04,San Diego,103,3246.57,477.22
2025-10-05,New York,325,9601.9,1614.2
2025-10-05,Los Angeles,308,9522.02,1589.27
2025-10-05,Chicago,211,6623.72,864.02
2025-10-05,Dallas-Fort Worth,177,4987.34,922.1
2025-10-05,Houston,178,5155.8,704.28
2025-10-05,Philadelphia,179,5751.74,1005.19
2025-10-05,Washington DC,140,4327.07,720.9
2025-10-05,Atlanta,149,4777.93,912.51
2025-10-05,Boston,142,4348.85,814.46
2025-10-05,San Francisco,135,4040.96,682.47
2025-10-05,Phoenix,145,4656.75,542.56
2025-10-05,Seattle,139,4138.36,603.18
2025-10-05,Minneapolis,116,3572.4,588.9
2025-10-05,Detroit,101,3255.08,544.04
2025-10-05,Denver,93,2538.39,425.19
2025-10-05,Miami,113,3308.24,631.75
2025-10-05,Tampa,87,2581.7,500.93
2025-10-05,Orlando,84,2585.65,404.14
2025-10-05,Portland,96,2947.85,429.25
2025-10-05,San Diego,80,2300.89,351.11
2025-10-06,New York,246,7551.0,1259.62
2025-10-06,Los Angeles,278,9013.47,1588.61
2025-10-06,Chicago,157,4720.79,697.07
2025-10-06,Dallas-Fort Worth,168,5024.45,966.86
2025-10-06,Houston,143,4198.72,657.98
2025-10-06,Philadelphia,121,3551.32,592.64
2025-10-06,Washington DC,133,4243.08,786.52
2025-10-06,Atlanta,97,2749.2,465.8
2025-10-06,Boston,133,4460.44,633.6
2025-10-06,San Francisco,106,3220.25,629.39
2025-10-06,Phoenix,107,3459.43,548.81
2025-10-06,Seattle,91,2620.26,422.62
2025-10-06,Minneapolis,90,2842.23,551.34
2025-10-06,Detroit,83,2498.49,388.29
2025-10-06,Denver,79,2470.47,307.62
2025-10-06,Miami,84,2352.31,506.45
2025-10-06,Tampa,80,2347.46,417.55
2025-10-06,Orlando,79,2317.01,409.37
2025-10-06,Portland,65,1984.15,333.61
2025-10-06,San Diego,72,2096.57,327.59
2025-10-07,New York,278,8353.57,1560.4
2025-10-07,Los Angeles,238,7070.55,1229.64
2025-10-07,Chicago,168,4936.85,760.87
2025-10-07,Dallas-Fort Worth,125,3694.37,695.04
2025-10-07,Houston,158,4649.48,821.98
2025-10-07,Philadelphia,131,4017.0,593.15
2025-10-07,Washington DC,130,4030.02,547.57
2025-10-07,Atlanta,121,3718.39,551.06
2025-10-07,Boston,102,3257.9,543.05
2025-10-07,San Francisco,126,3543.64,598.49
2025-10-07,Phoenix,97,2791.41,449.68
2025-10-07,Seattle,98,2717.23,455.74
2025-10-07,Minneapolis,80,2531.83,396.67
2025-10-07,Detroit,84,2484.77,381.35
2025-10-07,Denver,77,2411.28,428.19
2025-10-07,Miami,104,3482.9,627.49
2025-10-07,Tampa,76,2264.15,385.76
2025-10-07,Orlando,73,2132.61,309.33
2025-10-07,Portland,69,1998.24,338.62
2025-10-07,San Diego,60,1899.34,256.87
2025-10-08,New York,290,8915.1,1433.69
2025-10-08,Los Angeles,250,7227.55,1326.64
2025-10-08,Chicago,179,5610.58,884.85
2025-10-08,Dallas-Fort Worth,148,4469.79,787.14
2025-10-08,Houston,155,5094.52,716.94
2025-10-08,Philadelphia,124,3909.99,574.2
2025-10-08,Washington DC,133,3786.44,636.52
2025-10-08,Atlanta,122,3715.38,632.7
2025-10-08,Boston,118,3417.75,640.67
2025-10-08,San Francisco,103,3054.38,503.33
2025-10-08,Phoenix,115,3663.88,606.32
2025-10-08,Seattle,115,3341.88,571.02
2025-10-08,Minneapolis,82,2526.37,364.15
2025-10-08,Detroit,95,2815.56,552.79
2025-10-08,Denver,83,2461.9,355.91
2025-10-08,Miami,111,3385.2,609.09
2025-10-08,Tampa,70,2141.45,405.24
2025-10-08,Orlando,89,2544.55,539.65
2025-10-08,Portland,66,1875.3,365.24
2025-10-08,San Diego,70,2110.23,335.58
2025-10-09,New York,328,10750.36,1744.43
2025-10-09,Los Angeles,266,8772.53,1352.11
2025-10-09,Chicago,201,6163.1,1192.45
2025-10-09,Dallas-Fort Worth,144,4678.97,603.0
2025-10-09,Houston,141,3904.19,722.14
2025-10-09,Philadelphia,141,4324.82,564.75
2025-10-09,Washington DC,128,3954.85,694.12
2025-10-09,Atlanta,118,3490.48,630.76
2025-10-09,Boston,138,3558.58,727.52
2025-10-09,San Francisco,114,3076.1,653.22
2025-10-09,Phoenix,115,3563.18,624.69
2025-10-09,Seattle,112,3269.36,519.9
2025-10-09,Minneapolis,102,3074.72,518.99
2025-10-09,Detroit,86,2359.66,481.74
2025-10-09,Denver,85,2662.19,506.91
2025-10-09,Miami,127,3724.43,514.24
2025-10-09,Tampa,81,2682.72,398.54
2025-10-09,Orlando,84,2548.46,406.99
2025-10-09,Portland,82,2688.42,514.09
2025-10-09,San Diego,82,2283.14,445.01
2025-10-10,New York,320,8464.12,1788.48
2025-10-10,Los Angeles,309,9295.35,1518.61
2025-10-10,Chicago,211,6121.85,1155.28
2025-10-10,Dallas-Fort Worth,190,5782.35,1021.99
2025-10-10,Houston,131,3874.02,512.93
2025-10-10,Philadelphia,148,4595.32,757.55
2025-10-10,Washington DC,137,4320.29,667.04
2025-10-10,Atlanta,137,4109.99,569.31
2025-10-10,Boston,127,3830.28,603.13
2025-10-10,San Francisco,124,3977.79,608.18
2025-10-10,Phoenix,120,3564.71,504.82
2025-10-10,Seattle,128,3802.1,651.86
2025-10-10,Minneapolis,94,2627.86,426.57
2025-10-10,Detroit,105,3317.14,451.88
2025-10-10,Denver,87,2675.76,499.91
2025-10-10,Miami,105,2977.33,505.34
2025-10-10,Tampa,88,2930.35,456.16
2025-10-10,Orlando,83,2435.21,383.57
2025-10-10,Portland,76,2276.91,405.65
2025-10-10,San Diego,71,2162.76,363.7
2025-10-11,New York,385,11868.75,1607.9
2025-10-11,Los Angeles,330,9847.93,1948.21
2025-10-11,Chicago,225,7070.63,1011.42
2025-10-11,Dallas-Fort Worth,197,6254.64,1060.61
2025-10-11,Houston,166,5286.12,725.89
2025-10-11,Philadelphia,168,5119.31,824.08
2025-10-11,Washington DC,151,4527.7,723.95
2025-10-11,Atlanta,174,5569.71,1024.03
2025-10-11,Boston,147,4417.5,758.41
2025-10-11,San Francisco,148,4533.37,657.29
2025-10-11,Phoenix,133,4182.77,851.91
2025-10-11,Seattle,124,3646.58,597.95
2025-10-11,Minneapolis,122,3703.04,593.73
2025-10-11,Detroit,106,3196.42,545.8
2025-10-11,Denver,107,3334.04,587.54
2025-10-11,Miami,136,4026.02,672.12
2025-10-11,Tampa,97,2959.37,524.41
2025-10-11,Orlando,97,2905.64,442.13
2025-10-11,Portland,82,2342.55,380.97
2025-10-11,San Diego,90,2838.86,483.1
2025-10-12,New York,316,9348.1,1697.91
2025-10-12,Los Angeles,305,9154.52,1469.26
2025-10-12,Chicago,222,6777.57,1093.46
2025-10-12,Dallas-Fort Worth,159,4810.18,765.44
2025-10-12,Houston,167,4614.11,972.5
2025-10-12,Philadelphia,156,4945.0,834.69
2025-10-12,Washington DC,158,4627.35,740.08
2025-10-12,Atlanta,129,4008.23,665.24
2025-10-12,Boston,144,4120.12,715.96
2025-10-12,San Francisco,121,3321.83,605.2
2025-10-12,Phoenix,113,3974.87,592.54
2025-10-12,Seattle,132,4138.13,676.32
2025-10-12,Minneapolis,96,2915.01,562.38
2025-10-12,Detroit,93,2943.35,456.0
2025-10-12,Denver,103,2989.59,568.83
2025-10-12,Miami,127,3772.88,641.84
2025-10-12,Tampa,97,3007.56,553.45
2025-10-12,Orlando,88,2622.15,444.36
2025-10-12,Portland,85,2368.57,451.57
2025-10-12,San Diego,93,2815.12,483.99
2025-10-13,New York,279,8324.3,1419.92
2025-10-13,Los Angeles,221,6806.66,1239.02
2025-10-13,Chicago,155,4687.43,863.61
2025-10-13,Dallas-Fort Worth,133,3780.41,702.12
2025-10-13,Houston,124,3784.07,615.8
2025-10-13,Philadelphia,122,3643.66,579.15
2025-10-13,Washington DC,125,3716.42,669.37
2025-10-13,Atlanta,127,3690.2,626.13
2025-10-13,Boston,106,3146.69,559.1
2025-10-13,San Francisco,91,2578.54,434.08
2025-10-13,Phoenix,99,3053.04,524.27
2025-10-13,Seattle,90,2458.15,478.4
2025-10-13,Minneapolis,75,2289.93,372.5
2025-10-13,Detroit,69,2105.1,352.73
2025-10-13,Denver,80,2425.27,480.65
2025-10-13,Miami,81,2679.66,475.15
2025-10-13,Tampa,70,1970.37,334.44
2025-10-13,Orlando,65,2005.97,344.98
2025-10-13,Portland,67,1830.12,268.95
2025-10-13,San Diego,67,2143.55,340.05
2025-10-14,New York,271,8162.8,1515.87
2025-10-14,Los Angeles,266,8528.28,1455.18
2025-10-14,Chicago,174,5144.66,752.0
2025-10-14,Dallas-Fort Worth,151,4971.97,634.54
2025-10-14,Houston,139,4396.66,716.1
2025-10-14,Philadelphia,112,3344.69,590.7
2025-10-14,Washington DC,129,3814.85,646.96
2025-10-14,Atlanta,137,3931.12,798.11
2025-10-14,Boston,112,3370.33,552.99
2025-10-14,San Francisco,121,3876.25,597.39
2025-10-14,Phoenix,91,2672.44,385.33
2025-10-14,Seattle,86,2526.57,417.47
2025-10-14,Minneapolis,88,2425.89,466.72
2025-10-14,Detroit,96,2828.42,563.14
2025-10-14,Denver,71,2221.54,382.54
2025-10-14,Miami,99,2990.75,503.81
2025-10-14,Tampa,73,2038.7,400.93
2025-10-14,Orlando,78,2395.79,378.17
2025-10-14,Portland,65,1861.75,279.47
2025-10-14,San Diego,67,2072.63,351.78
2025-10-15,New York,333,9704.84,1693.7
2025-10-15,Los Angeles,296,9682.25,1691.93
2025-10-15,Chicago,196,5613.2,949.5
2025-10-15,Dallas-Fort Worth,139,4475.31,601.96
2025-10-15,Houston,132,3839.54,607.33
2025-10-15,Philadelphia,119,3870.89,642.39
2025-10-15,Washington DC,126,3555.48,597.27
2025-10-15,Atlanta,122,3618.46,603.38
2025-10-15,Boston,110,3356.96,558.06
2025-10-15,San Francisco,117,3683.93,624.83
2025-10-15,Phoenix,103,3102.11,377.12
2025-10-15,Seattle,96,3006.34,480.3
2025-10-15,Minneapolis,78,2203.0,376.7
2025-10-15,Detroit,78,2248.63,430.79
2025-10-15,Denver,92,2819.24,413.86
2025-10-15,Miami,110,3540.68,547.25
2025-10-15,Tampa,83,2392.34,373.17
2025-10-15,Orlando,85,2629.43,426.92
2025-10-15,Portland,71,2145.0,380.35
2025-10-15,San Diego,79,2566.13,360.11
2025-10-16,New York,307,8524.52,1794.53
2025-10-16,Los Angeles,272,7553.48,1369.88
2025-10-16,Chicago,175,4936.4,988.1
2025-10-16,Dallas-Fort Worth,157,4789.64,885.34
2025-10-16,Houston,162,4876.98,742.36
2025-10-16,Philadelphia,129,3963.14,622.02
2025-10-16,Washington DC,132,4198.77,753.88
2025-10-16,Atlanta,116,3436.5,652.5
2025-10-16,Boston,114,3413.11,593.35
2025-10-16,San Francisco,127,3724.16,683.74
2025-10-16,Phoenix,110,3382.95,547.07
2025-10-16,Seattle,107,3024.43,488.03
2025-10-16,Minneapolis,83,2480.59,419.82
2025-10-16,Detroit,88,2713.22,371.72
2025-10-16,Denver,87,2548.03,369.76
2025-10-16,Miami,94,2925.12,408.95
2025-10-16,Tampa,91,2565.38,445.23
2025-10-16,Orlando,78,2233.74,354.08
2025-10-16,Portland,75,2193.01,342.78
2025-10-16,San Diego,74,2234.69,392.86
2025-10-17,New York,358,10579.15,1509.48
2025-10-17,Los Angeles,269,8175.06,1352.34
2025-10-17,Chicago,163,4563.04,828.65
2025-10-17,Dallas-Fort Worth,171,4764.71,886.79
2025-10-17,Houston,154,4624.2,771.12
2025-10-17,Philadelphia,149,4483.95,804.5
2025-10-17,Washington DC,141,4459.53,705.0
2025-10-17,Atlanta,131,3433.52,706.4
2025-10-17,Boston,135,3721.9,532.58
2025-10-17,San Francisco,124,3540.57,603.09
2025-10-17,Phoenix,132,3944.47,676.84
2025-10-17,Seattle,118,3607.05,458.09
2025-10-17,Minneapolis,103,3430.81,503.02
2025-10-17,Detroit,101,3177.9,590.62
2025-10-17,Denver,88,2863.53,370.29
2025-10-17,Miami,111,3402.41,545.36
2025-10-17,Tampa,81,2571.55,364.16
2025-10-17,Orlando,83,2516.32,401.16
2025-10-17,Portland,77,2281.23,359.95
2025-10-17,San Diego,76,2346.62,419.35
2025-10-18,New York,368,11113.22,2231.29
2025-10-18,Los Angeles,339,9457.21,1337.66
2025-10-18,Chicago,245,6944.73,1208.98
2025-10-18,Dallas-Fort Worth,183,5445.62,1050.68
2025-10-18,Houston,187,5568.49,871.91
2025-10-18,Philadelphia,149,4537.12,744.41
2025-10-18,Washington DC,142,4097.5,606.88
2025-10-18,Atlanta,150,4592.99,635.18
2025-10-18,Boston,149,4286.55,805.56
2025-10-18,San Francisco,149,4590.49,660.63
2025-10-18,Phoenix,124,4006.43,608.48
2025-10-18,Seattle,121,3518.59,683.01
2025-10-18,Minneapolis,105,3264.47,420.58
2025-10-18,Detroit,123,3701.32,580.44
2025-10-18,Denver,98,2667.22,467.43
2025-10-18,Miami,118,3613.06,583.97
2025-10-18,Tampa,102,3143.25,575.38
2025-10-18,Orlando,92,2596.37,477.43
2025-10-18,Portland,84,2280.35,367.92
2025-10-18,San Diego,105,3237.66,521.81
2025-10-19,New York,392,11722.47,1577.68
2025-10-19,Los Angeles,261,7349.05,1368.93
2025-10-19,Chicago,187,5194.54,1040.55
2025-10-19,Dallas-Fort Worth,209,5618.23,923.27
2025-10-19,Houston,165,4781.15,796.12
2025-10-19,Philadelphia,133,3841.48,658.48
2025-10-19,Washington DC,136,4135.52,603.39
2025-10-19,Atlanta,138,4490.44,576.51
2025-10-19,Boston,158,4306.17,768.84
2025-10-19,San Francisco,137,4297.53,589.26
2025-10-19,Phoenix,138,4372.32,751.19
2025-10-19,Seattle,108,3328.2,567.6
2025-10-19,Minneapolis,104,3397.13,520.35
2025-10-19,Detroit,98,2938.01,501.69
2025-10-19,Denver,102,3168.3,498.3
2025-10-19,Miami,106,3345.19,506.94
2025-10-19,Tampa,95,2862.25,465.48
2025-10-19,Orlando,94,2833.91,501.96
2025-10-19,Portland,94,2917.15,485.57
2025-10-19,San Diego,94,2775.28,440.15
2025-10-20,New York,274,7891.22,1298.67
2025-10-20,Los Angeles,256,7218.26,1354.18
2025-10-20,Chicago,146,4420.85,811.96
2025-10-20,Dallas-Fort Worth,144,4505.86,732.43
2025-10-20,Houston,150,4567.72,797.46
2025-10-20,Philadelphia,114,3344.65,563.72
2025-10-20,Washington DC,113,3171.47,475.67
2025-10-20,Atlanta,136,4032.07,680.97
2025-10-20,Boston,121,3680.49,662.01
2025-10-20,San Francisco,99,2910.51,489.41
2025-10-20,Phoenix,99,2737.58,543.15
2025-10-20,Seattle,92,2759.39,425.81
2025-10-20,Minneapolis,85,2546.62,397.97
2025-10-20,Detroit,91,2788.28,429.84
2025-10-20,Denver,76,2288.73,432.4
2025-10-20,Miami,104,3190.33,400.51
2025-10-20,Tampa,67,2050.6,284.6
2025-10-20,Orlando,72,1972.41,412.95
2025-10-20,Portland,65,1924.66,281.8
2025-10-20,San Diego,64,1713.29,323.86
2025-10-21,New York,297,8809.89,1614.01
2025-10-21,Los Angeles,257,7852.16,1329.69
2025-10-21,Chicago,159,4744.61,795.73
2025-10-21,Dallas-Fort Worth,145,3960.75,828.36
2025-10-21,Houston,121,3740.93,615.46
2025-10-21,Philadelphia,114,3638.8,593.21
2025-10-21,Washington DC,113,3142.45,594.9
2025-10-21,Atlanta,119,3526.47,657.66
2025-10-21,Boston,123,3914.13,588.99
2025-10-21,San Francisco,97,2962.74,481.88
2025-10-21,Phoenix,100,2772.1,487.88
2025-10-21,Seattle,94,2769.9,432.51
2025-10-21,Minneapolis,85,2425.0,409.32
2025-10-21,Detroit,85,2589.64,462.92
2025-10-21,Denver,75,2044.58,423.88
2025-10-21,Miami,107,3028.6,558.05
2025-10-21,Tampa,78,2183.7,365.32
2025-10-21,Orlando,50,1583.84,236.34
2025-10-21,Portland,69,2236.98,369.84
2025-10-21,San Diego,71,2231.07,330.98
2025-10-22,New York,302,9253.6,1503.2
2025-10-22,Los Angeles,254,8244.04,1352.35
2025-10-22,Chicago,192,6037.48,949.0
2025-10-22,Dallas-Fort Worth,146,4466.88,702.94
2025-10-22,Houston,159,4543.83,811.26
2025-10-22,Philadelphia,122,3453.73,621.0
2025-10-22,Washington DC,133,4105.22,609.46
2025-10-22,Atlanta,110,3330.79,520.84
2025-10-22,Boston,123,3847.7,629.84
2025-10-22,San Francisco,108,2762.71,526.59
2025-10-22,Phoenix,99,2924.82,497.03
2025-10-22,Seattle,84,2461.86,442.92
2025-10-22,Minneapolis,87,2655.64,354.96
2025-10-22,Detroit,89,2676.05,434.65
2025-10-22,Denver,73,1966.99,326.44
2025-10-22,Miami,104,3293.79,455.88
2025-10-22,Tampa,85,2676.36,447.4
2025-10-22,Orlando,61,1736.68,264.35
2025-10-22,Portland,73,2313.61,350.28
2025-10-22,San Diego,82,2431.89,414.21
2025-10-23,New York,314,9625.3,1514.57
2025-10-23,Los Angeles,258,7451.52,1177.05
2025-10-23,Chicago,195,6078.09,771.12
2025-10-23,Dallas-Fort Worth,150,4762.97,720.02
2025-10-23,Houston,154,4882.13,740.69
2025-10-23,Philadelphia,119,3807.1,560.41
2025-10-23,Washington DC,115,3658.5,538.73
2025-10-23,Atlanta,119,3372.33,569.49
2025-10-23,Boston,122,3492.8,613.62
2025-10-23,San Francisco,103,3066.73,514.59
2025-10-23,Phoenix,119,3550.38,643.7
2025-10-23,Seattle,99,2959.08,584.58
2025-10-23,Minneapolis,83,2384.52,399.52
2025-10-23,Detroit,83,2708.3,372.53
2025-10-23,Denver,84,2508.45,463.94
2025-10-23,Miami,94,2617.13,489.89
2025-10-23,Tampa,80,2412.52,366.82
2025-10-23,Orlando,75,2151.65,343.18
2025-10-23,Portland,71,2171.8,310.25
2025-10-23,San Diego,80,2570.83,440.64
2025-10-24,New York,340,11066.33,1752.31
2025-10-24,Los Angeles,274,7930.67,1241.59
2025-10-24,Chicago,195,6186.52,958.58
2025-10-24,Dallas-Fort Worth,180,5252.29,888.21
2025-10-24,Houston,146,4276.77,860.75
2025-10-24,Philadelphia,139,4186.78,694.43
2025-10-24,Washington DC,148,4920.13,813.26
2025-10-24,Atlanta,128,4093.73,635.13
2025-10-24,Boston,126,4021.15,636.4
2025-10-24,San Francisco,126,3299.59,708.19
2025-10-24,Phoenix,109,3165.2,524.17
2025-10-24,Seattle,116,3549.12,629.86
2025-10-24,Minneapolis,98,2893.32,512.64
2025-10-24,Detroit,87,2511.58,424.68
2025-10-24,Denver,94,2505.71,457.68
2025-10-24,Miami,102,3213.47,468.38
2025-10-24,Tampa,93,2797.84,438.4
2025-10-24,Orlando,78,2263.41,402.05
2025-10-24,Portland,71,2036.28,350.27
2025-10-24,San Diego,88,2680.88,418.75
2025-10-25,New York,363,11075.47,2137.68
2025-10-25,Los Angeles,331,9631.99,1348.64
2025-10-25,Chicago,195,6253.71,1061.81
2025-10-25,Dallas-Fort Worth,195,5819.01,931.43
2025-10-25,Houston,174,5324.04,819.23
2025-10-25,Philadelphia,156,4715.44,805.43
2025-10-25,Washington DC,163,5031.03,852.61
2025-10-25,Atlanta,146,4649.07,671.53
2025-10-25,Boston,139,4191.87,726.12
2025-10-25,San Francisco,152,4737.36,643.44
2025-10-25,Phoenix,139,3954.52,758.74
2025-10-25,Seattle,119,3722.38,578.27
2025-10-25,Minneapolis,126,3446.77,635.92
2025-10-25,Detroit,98,2920.58,422.24
2025-10-25,Denver,102,3170.0,450.77
2025-10-25,Miami,112,3547.58,490.11
2025-10-25,Tampa,92,2585.26,516.33
2025-10-25,Orlando,94,2938.05,440.59
2025-10-25,Portland,89,2645.54,476.2
2025-10-25,San Diego,85,2465.27,523.29
2025-10-26,New York,377,12183.98,1561.87
2025-10-26,Los Angeles,340,9840.52,1800.57
2025-10-26,Chicago,210,6548.95,1012.85
2025-10-26,Dallas-Fort Worth,160,4955.79,832.71
2025-10-26,Houston,177,5561.43,985.97
2025-10-26,Philadelphia,164,5156.2,960.16
2025-10-26,Washington DC,149,4231.21,798.16
2025-10-26,Atlanta,134,4209.78,661.67
2025-10-26,Boston,147,4314.47,762.94
2025-10-26,San Francisco,139,4147.49,674.03
2025-10-26,Phoenix,154,4875.85,708.62
2025-10-26,Seattle,131,4030.05,613.9
2025-10-26,Minneapolis,116,3416.76,553.46
2025-10-26,Detroit,114,3428.58,594.92
2025-10-26,Denver,113,3469.54,594.93
2025-10-26,Miami,103,3179.7,503.49
2025-10-26,Tampa,84,2430.79,444.36
2025-10-26,Orlando,91,2761.94,426.95
2025-10-26,Portland,87,2562.6,499.44
2025-10-26,San Diego,98,2972.77,512.74
2025-10-27,New York,270,8060.94,1273.38
2025-10-27,Los Angeles,243,7176.83,1453.59
2025-10-27,Chicago,156,4708.8,686.89
2025-10-27,Dallas-Fort Worth,145,4383.46,761.57
2025-10-27,Houston,124,3823.34,630.8
2025-10-27,Philadelphia,129,4154.34,687.56
2025-10-27,Washington DC,97,2890.01,520.81
2025-10-27,Atlanta,108,3309.68,540.87
2025-10-27,Boston,116,3481.84,558.4
2025-10-27,San Francisco,97,2913.43,400.77
2025-10-27,Phoenix,97,2845.85,441.33
2025-10-27,Seattle,81,2398.16,302.66
2025-10-27,Minneapolis,74,2317.24,357.93
2025-10-27,Detroit,64,1825.94,319.78
2025-10-27,Denver,60,1708.89,295.49
2025-10-27,Miami,75,2247.38,383.62
2025-10-27,Tampa,65,1874.43,306.75
2025-10-27,Orlando,62,1980.83,284.34
2025-10-27,Portland,64,1861.52,339.83
2025-10-27,San Diego,64,1936.38,278.05
2025-10-28,New York,320,10367.26,1667.03
2025-10-28,Los Angeles,217,6346.47,1010.89
2025-10-28,Chicago,172,5206.86,873.28
2025-10-28,Dallas-Fort Worth,158,4475.3,797.35
2025-10-28,Houston,111,3404.71,498.98
2025-10-28,Philadelphia,129,4315.86,694.68
2025-10-28,Washington DC,141,3941.51,698.44
2025-10-28,Atlanta,121,3454.87,618.01
2025-10-28,Boston,107,3069.46,494.16
2025-10-28,San Francisco,103,2914.61,510.38
2025-10-28,Phoenix,121,3482.61,549.06
2025-10-28,Seattle,100,3117.81,605.89
2025-10-28,Minneapolis,98,3335.08,536.97
2025-10-28,Detroit,90,2696.29,459.98
2025-10-28,Denver,81,2574.59,445.69
2025-10-28,Miami,96,2928.0,429.15
2025-10-28,Tampa,73,2127.89,406.8
2025-10-28,Orlando,75,2336.36,403.18
2025-10-28,Portland,58,1751.58,339.12
2025-10-28,San Diego,73,2171.08,318.24
2025-10-29,New York,347,10872.81,1665.87
2025-10-29,Los Angeles,267,7645.04,1316.93
2025-10-29,Chicago,178,5711.51,1044.0
2025-10-29,Dallas-Fort Worth,170,5238.7,830.41
2025-10-29,Houston,152,4375.63,938.0
2025-10-29,Philadelphia,145,4615.31,607.2
2025-10-29,Washington DC,145,4508.6,799.37
2025-10-29,Atlanta,129,4300.53,668.88
2025-10-29,Boston,125,3843.06,586.94
2025-10-29,San Francisco,116,3486.99,419.72
2025-10-29,Phoenix,120,3786.96,568.16
2025-10-29,Seattle,118,3634.57,655.93
2025-10-29,Minneapolis,89,2928.15,433.83
2025-10-29,Detroit,95,2819.73,382.04
2025-10-29,Denver,83,2533.9,380.82
2025-10-29,Miami,100,2842.11,453.08
2025-10-29,Tampa,74,2077.89,340.03
2025-10-29,Orlando,84,2314.78,422.28
2025-10-29,Portland,86,2485.92,443.84
2025-10-29,San Diego,83,2451.21,540.99
2025-10-30,New York,334,10232.37,1711.12
2025-10-30,Los Angeles,247,7621.59,1094.55
2025-10-30,Chicago,185,5388.29,1024.46
2025-10-30,Dallas-Fort Worth,147,4467.38,762.49
2025-10-30,Houston,130,3851.46,646.82
2025-10-30,Philadelphia,120,3563.83,621.54
2025-10-30,Washington DC,134,4216.29,692.35
2025-10-30,Atlanta,121,3481.06,721.82
2025-10-30,Boston,101,3139.54,537.42
2025-10-30,San Francisco,122,4083.11,637.45
2025-10-30,Phoenix,113,3474.06,612.67
2025-10-30,Seattle,97,3097.25,468.25
2025-10-30,Minneapolis,77,2435.96,372.99
2025-10-30,Detroit,94,2862.31,493.81
2025-10-30,Denver,80,2503.27,414.36
2025-10-30,Miami,101,3035.66,498.68
2025-10-30,Tampa,72,2128.43,439.77
2025-10-30,Orlando,85,2615.77,367.63
2025-10-30,Portland,71,2129.65,363.35
2025-10-30,San Diego,77,2419.83,381.24
2025-10-31,New York,287,8260.02,1581.08
2025-10-31,Los Angeles,336,10347.71,1657.15
2025-10-31,Chicago,200,5224.62,851.79
2025-10-31,Dallas-Fort Worth,148,4168.72,756.03
2025-10-31,Houston,162,4263.3,972.73
2025-10-31,Philadelphia,157,4907.59,713.21
2025-10-31,Washington DC,131,4009.04,608.33
2025-10-31,Atlanta,148,4560.26,733.34
2025-10-31,Boston,144,4289.96,689.22
2025-10-31,San Francisco,113,3229.31,673.24
2025-10-31,Phoenix,123,3545.3,533.43
2025-10-31,Seattle,117,3356.28,536.3
2025-10-31,Minneapolis,98,2899.06,442.3
2025-10-31,Detroit,95,2752.28,515.67
2025-10-31,Denver,90,2653.62,479.6
2025-10-31,Miami,112,3438.48,625.45
2025-10-31,Tampa,92,2808.66,474.8
2025-10-31,Orlando,79,2391.26,455.67
2025-10-31,Portland,82,2398.27,360.13
2025-10-31,San Diego,79,2245.76,435.76
2025-11-01,New York,424,12435.43,1694.7
2025-11-01,Los Angeles,317,9644.64,1758.76
2025-11-01,Chicago,242,7304.69,1226.08
2025-11-01,Dallas-Fort Worth,201,6609.04,1043.56
2025-11-01,Houston,184,5697.35,785.19
2025-11-01,Philadelphia,172,4835.77,941.16
2025-11-01,Washington DC,163,5006.87,716.22
2025-11-01,Atlanta,184,5308.02,957.5
2025-11-01,Boston,165,4787.94,821.88
2025-11-01,San Francisco,146,4492.69,552.59
2025-11-01,Phoenix,132,4075.44,697.28
2025-11-01,Seattle,135,4162.05,641.74
2025-11-01,Minneapolis,102,2826.76,578.03
2025-11-01,Detroit,104,2887.08,564.05
2025-11-01,Denver,101,2854.33,520.14
2025-11-01,Miami,121,3838.39,606.19
2025-11-01,Tampa,108,3069.42,551.76
2025-11-01,Orlando,104,2981.67,448.67
2025-11-01,Portland,85,2545.09,528.91
2025-11-01,San Diego,83,2359.66,377.91
2025-11-02,New York,370,11289.97,1656.27
2025-11-02,Los Angeles,296,8331.64,1238.84
2025-11-02,Chicago,199,6228.01,1019.7
2025-11-02,Dallas-Fort Worth,157,4891.88,808.14
2025-11-02,Houston,149,4840.85,626.31
2025-11-02,Philadelphia,164,4746.82,828.52
2025-11-02,Washington DC,155,4436.35,729.24
2025-11-02,Atlanta,135,4329.68,722.3
2025-11-02,Boston,136,4208.87,650.56
2025-11-02,San Francisco,128,4075.08,792.63
2025-11-02,Phoenix,130,3713.76,670.5
2025-11-02,Seattle,98,3097.96,502.67
2025-11-02,Minneapolis,97,2982.07,428.93
2025-11-02,Detroit,90,2779.6,526.54
2025-11-02,Denver,91,2655.61,425.02
2025-11-02,Miami,111,3298.2,593.36
2025-11-02,Tampa,91,2670.54,423.2
2025-11-02,Orlando,90,2765.73,507.59
2025-11-02,Portland,80,2328.62,444.21
2025-11-02,San Diego,87,2798.77,490.06
2025-11-03,New York,286,8551.1,1592.99
2025-11-03,Los Angeles,273,8159.16,1564.54
2025-11-03,Chicago,159,4552.04,839.61
2025-11-03,Dallas-Fort Worth,136,4127.61,706.42
2025-11-03,Houston,141,4154.31,619.2
2025-11-03,Philadelphia,119,4032.35,665.86
2025-11-03,Washington DC,133,3710.67,714.2
2025-11-03,Atlanta,114,3474.49,470.25
2025-11-03,Boston,134,3841.63,725.56
2025-11-03,San Francisco,112,3566.95,625.96
2025-11-03,Phoenix,103,2920.09,570.05
2025-11-03,Seattle,106,3168.27,551.75
2025-11-03,Minneapolis,85,2434.53,404.02
2025-11-03,Detroit,82,2646.02,387.65
2025-11-03,Denver,86,2484.68,501.99
2025-11-03,Miami,89,2749.35,443.69
2025-11-03,Tampa,70,2206.82,341.47
2025-11-03,Orlando,66,2146.34,326.9
2025-11-03,Portland,63,1959.27,274.34
2025-11-03,San Diego,75,2357.28,402.23
2025-11-04,New York,270,8311.91,1528.88
2025-11-04,Los Angeles,256,7049.6,1648.24
2025-11-04,Chicago,190,5760.69,1087.5
2025-11-04,Dallas-Fort Worth,156,4537.77,790.08
2025-11-04,Houston,123,3613.14,583.01
2025-11-04,Philadelphia,137,4168.82,749.18
2025-11-04,Washington DC,121,4051.81,594.08
2025-11-04,Atlanta,110,3162.47,625.97
2025-11-04,Boston,89,2706.46,430.68
2025-11-04,San Francisco,115,3256.66,548.49
2025-11-04,Phoenix,101,3146.36,549.43
2025-11-04,Seattle,113,3383.38,522.31
2025-11-04,Minneapolis,94,3082.21,488.09
2025-11-04,Detroit,78,2432.34,404.24
2025-11-04,Denver,74,2243.54,360.35
2025-11-04,Miami,87,2929.99,456.93
2025-11-04,Tampa,80,2349.71,415.83
2025-11-04,Orlando,68,2128.78,377.35
2025-11-04,Portland,71,2211.46,368.86
2025-11-04,San Diego,69,2091.12,375.53
2025-11-05,New York,284,7684.92,1595.35
2025-11-05,Los Angeles,247,7619.45,1140.87
2025-11-05,Chicago,186,5703.02,832.14
2025-11-05,Dallas-Fort Worth,171,5202.8,908.85
2025-11-05,Houston,142,4113.1,687.4
2025-11-05,Philadelphia,151,4261.17,725.75
2025-11-05,Washington DC,138,3847.46,603.69
2025-11-05,Atlanta,116,3426.62,534.65
2025-11-05,Boston,108,3196.01,611.4
2025-11-05,San Francisco,101,3358.47,533.65
2025-11-05,Phoenix,95,2950.35,473.15
2025-11-05,Seattle,105,3498.93,578.62
2025-11-05,Minneapolis,85,2518.07,377.66
2025-11-05,Detroit,85,2447.57,465.68
2025-11-05,Denver,81,2591.78,338.25
2025-11-05,Miami,92,2832.92,473.77
2025-11-05,Tampa,73,2075.86,399.49
2025-11-05,Orlando,67,2080.16,337.48
2025-11-05,Portland,69,2009.11,411.43
2025-11-05,San Diego,69,1757.66,338.66
2025-11-06,New York,320,9475.33,1881.65
2025-11-06,Los Angeles,282,8191.07,1362.85
2025-11-06,Chicago,188,5741.42,1075.22
2025-11-06,Dallas-Fort Worth,165,5233.6,778.1
2025-11-06,Houston,160,4355.91,705.05
2025-11-06,Philadelphia,138,4292.3,712.02
2025-11-06,Washington DC,130,3652.76,695.16
2025-11-06,Atlanta,101,3036.1,477.73
2025-11-06,Boston,128,3838.14,673.52
2025-11-06,San Francisco,125,3995.82,692.95
2025-11-06,Phoenix,124,3755.88,633.13
2025-11-06,Seattle,124,3716.42,608.94
2025-11-06,Minneapolis,83,2548.59,436.59
2025-11-06,Detroit,99,2921.01,449.5
2025-11-06,Denver,79,2379.5,389.24
2025-11-06,Miami,109,3339.2,598.89
2025-11-06,Tampa,93,2852.36,373.62
2025-11-06,Orlando,77,2415.87,353.7
2025-11-06,Portland,67,1946.79,342.82
2025-11-06,San Diego,75,2192.54,329.26
2025-11-07,New York,381,10774.83,1440.96
2025-11-07,Los Angeles,316,9146.25,1626.12
2025-11-07,Chicago,204,6193.19,1057.86
2025-11-07,Dallas-Fort Worth,155,4647.02,680.54
2025-11-07,Houston,169,5187.51,829.02
2025-11-07,Philadelphia,165,5137.47,951.67
2025-11-07,Washington DC,133,4046.63,732.13
2025-11-07,Atlanta,150,4447.39,800.5
2025-11-07,Boston,146,4796.71,830.12
2025-11-07,San Francisco,113,3366.13,629.16
2025-11-07,Phoenix,124,3757.74,637.28
2025-11-07,Seattle,110,2937.69,657.04
2025-11-07,Minneapolis,96,2814.08,503.28
2025-11-07,Detroit,105,3066.85,554.21
2025-11-07,Denver,110,3491.07,502.85
2025-11-07,Miami,116,3428.38,591.9
2025-11-07,Tampa,98,2921.39,520.05
2025-11-07,Orlando,86,2591.63,538.07
2025-11-07,Portland,94,2704.01,374.65
2025-11-07,San Diego,81,2580.57,378.15
2025-11-08,New York,382,11953.15,1866.27
2025-11-08,Los Angeles,324,9146.39,1612.03
2025-11-08,Chicago,227,6866.79,1185.99
2025-11-08,Dallas-Fort Worth,184,5960.05,918.78
2025-11-08,Houston,201,5666.25,932.06
2025-11-08,Philadelphia,154,4105.37,703.64
2025-11-08,Washington DC,157,4469.79,860.26
2025-11-08,Atlanta,163,4752.17,862.99
2025-11-08,Boston,142,4274.72,622.58
2025-11-08,San Francisco,133,3999.11,570.99
2025-11-08,Phoenix,132,4295.72,744.79
2025-11-08,Seattle,134,4420.63,689.29
2025-11-08,Minneapolis,121,3700.45,604.4
2025-11-08,Detroit,99,2602.13,470.06
2025-11-08,Denver,107,3201.53,497.54
2025-11-08,Miami,131,4016.48,713.51
2025-11-08,Tampa,98,3150.68,486.16
2025-11-08,Orlando,106,2965.36,630.05
2025-11-08,Portland,97,2860.78,471.12
2025-11-08,San Diego,93,2978.41,462.53
2025-11-09,New York,346,10969.16,1712.29
2025-11-09,Los Angeles,314,9455.01,1316.69
2025-11-09,Chicago,220,6428.89,1295.82
2025-11-09,Dallas-Fort Worth,171,5219.56,829.49
2025-11-09,Houston,153,4586.15,764.07
2025-11-09,Philadelphia,150,4326.26,584.66
2025-11-09,Washington DC,145,4072.79,785.93
2025-11-09,Atlanta,154,4918.61,757.87
2025-11-09,Boston,131,3818.45,676.0
2025-11-09,San Francisco,123,3801.37,625.84
2025-11-09,Phoenix,126,3669.07,623.75
2025-11-09,Seattle,121,3390.58,631.23
2025-11-09,Minneapolis,114,3474.07,561.16
2025-11-09,Detroit,90,2709.46,373.92
2025-11-09,Denver,98,2805.33,454.71
2025-11-09,Miami,98,3017.47,530.17
2025-11-09,Tampa,92,2792.49,500.13
2025-11-09,Orlando,97,2856.25,494.8
2025-11-09,Portland,82,2500.09,372.3
2025-11-09,San Diego,87,2585.54,410.07
2025-11-10,New York,232,7279.07,1064.83
2025-11-10,Los Angeles,262,7553.27,1478.93
2025-11-10,Chicago,157,4585.3,860.56
2025-11-10,Dallas-Fort Worth,144,4064.69,693.25
2025-11-10,Houston,120,3494.98,611.6
2025-11-10,Philadelphia,125,3575.96,590.75
2025-11-10,Washington DC,128,4147.3,588.79
2025-11-10,Atlanta,114,3322.93,542.32
2025-11-10,Boston,123,3611.35,620.88
2025-11-10,San Francisco,87,2496.0,445.11
2025-11-10,Phoenix,100,2984.89,438.46
2025-11-10,Seattle,100,2849.74,442.89
2025-11-10,Minneapolis,87,2553.81,357.09
2025-11-10,Detroit,81,2454.93,456.55
2025-11-10,Denver,66,1981.91,340.63
2025-11-10,Miami,96,2739.8,533.36
2025-11-10,Tampa,76,2400.38,403.25
2025-11-10,Orlando,72,2206.59,295.61
2025-11-10,Portland,60,1900.55,309.51
2025-11-10,San Diego,68,1992.36,353.11
2025-11-11,New York,283,8617.87,1276.43
2025-11-11,Los Angeles,246,7279.44,1192.52
2025-11-11,Chicago,162,4590.42,703.68
2025-11-11,Dallas-Fort Worth,99,2949.83,505.94
2025-11-11,Houston,130,3903.32,642.67
2025-11-11,Philadelphia,116,3495.8,566.6
2025-11-11,Washington DC,106,3420.38,555.07
2025-11-11,Atlanta,97,2992.11,500.64
2025-11-11,Boston,110,3278.2,564.36
2025-11-11,San Francisco,90,2535.69,507.2
2025-11-11,Phoenix,97,2711.73,457.17
2025-11-11,Seattle,67,1952.26,381.18
2025-11-11,Minneapolis,83,2348.34,406.45
2025-11-11,Detroit,82,2543.39,453.36
2025-11-11,Denver,81,2574.62,372.72
2025-11-11,Miami,87,2389.1,424.65
2025-11-11,Tampa,79,2549.27,381.65
2025-11-11,Orlando,76,2387.42,389.79
2025-11-11,Portland,70,2128.15,396.69
2025-11-11,San Diego,67,2088.2,335.46
2025-11-12,New York,322,9411.26,1737.99
2025-11-12,Los Angeles,233,6947.19,1040.92
2025-11-12,Chicago,188,5654.29,993.24
2025-11-12,Dallas-Fort Worth,148,4598.46,692.62
2025-11-12,Houston,156,4390.22,887.9
2025-11-12,Philadelphia,133,3801.17,766.64
2025-11-12,Washington DC,130,3854.48,634.82
2025-11-12,Atlanta,124,3904.48,668.98
2025-11-12,Boston,106,2974.03,467.06
2025-11-12,San Francisco,125,3777.97,528.23
2025-11-12,Phoenix,91,2807.65,441.74
2025-11-12,Seattle,109,3320.91,571.65
2025-11-12,Minneapolis,90,2500.86,503.75
2025-11-12,Detroit,90,2821.05,445.58
2025-11-12,Denver,82,2392.95,387.49
2025-11-12,Miami,101,2955.89,561.24
2025-11-12,Tampa,77,2436.17,365.5
2025-11-12,Orlando,67,2128.37,322.99
2025-11-12,Portland,69,2063.3,364.89
2025-11-12,San Diego,81,2505.1,380.17
2025-11-13,New York,318,10085.76,1465.23
2025-11-13,Los Angeles,233,6818.23,1202.54
2025-11-13,Chicago,180,5681.43,882.24
2025-11-13,Dallas-Fort Worth,139,4130.38,610.83
2025-11-13,Houston,144,4501.16,725.27
2025-11-13,Philadelphia,128,4089.78,555.1
2025-11-13,Washington DC,119,4059.47,552.12
2025-11-13,Atlanta,129,3870.6,536.4
2025-11-13,Boston,120,3560.58,564.47
2025-11-13,San Francisco,117,3438.05,537.38
2025-11-13,Phoenix,105,3030.03,636.82
2025-11-13,Seattle,99,3031.78,498.03
2025-11-13,Minneapolis,84,2610.38,413.52
2025-11-13,Detroit,91,2507.18,416.74
2025-11-13,Denver,67,2002.63,342.49
2025-11-13,Miami,86,2468.69,470.33
2025-11-13,Tampa,76,2279.56,413.9
2025-11-13,Orlando,75,2374.08,367.78
2025-11-13,Portland,72,2126.48,356.23
2025-11-13,San Diego,72,2145.63,348.57
2025-11-14,New York,330,10193.31,1593.4
2025-11-14,Los Angeles,304,8694.82,1575.58
2025-11-14,Chicago,194,5638.25,1109.83
2025-11-14,Dallas-Fort Worth,165,5057.69,849.15
2025-11-14,Houston,166,5259.24,892.89
2025-11-14,Philadelphia,133,3937.72,684.4
2025-11-14,Washington DC,132,3856.63,632.76
2025-11-14,Atlanta,128,3690.01,654.36
2025-11-14,Boston,141,4075.49,740.0
2025-11-14,San Francisco,132,4364.9,724.75
2025-11-14,Phoenix,112,3721.72,525.96
2025-11-14,Seattle,111,3202.37,557.61
2025-11-14,Minneapolis,96,2756.93,514.22
2025-11-14,Detroit,90,2699.41,364.96
2025-11-14,Denver,90,2715.38,445.86
2025-11-14,Miami,119,3873.41,609.53
2025-11-14,Tampa,92,2947.74,509.65
2025-11-14,Orlando,89,2715.2,362.17
2025-11-14,Portland,73,2193.76,400.5
2025-11-14,San Diego,74,2249.97,367.37
2025-11-15,New York,405,12109.64,1991.88
2025-11-15,Los Angeles,320,10268.57,1604.31
2025-11-15,Chicago,236,7410.29,1196.54
2025-11-15,Dallas-Fort Worth,189,5898.76,974.06
2025-11-15,Houston,189,5732.64,784.69
2025-11-15,Philadelphia,168,4968.04,941.78
2025-11-15,Washington DC,167,5259.06,677.28
2025-11-15,Atlanta,162,4510.47,739.55
2025-11-15,Boston,148,4514.71,710.17
2025-11-15,San Francisco,125,3575.44,578.94
2025-11-15,Phoenix,150,4609.84,710.18
2025-11-15,Seattle,143,4708.22,806.23
2025-11-15,Minneapolis,111,3020.59,536.68
2025-11-15,Detroit,119,3322.86,649.3
2025-11-15,Denver,113,3180.11,573.98
2025-11-15,Miami,121,3448.1,607.91
2025-11-15,Tampa,93,2887.46,533.52
2025-11-15,Orlando,101,3089.17,522.72
2025-11-15,Portland,92,2734.2,489.07
2025-11-15,San Diego,97,3086.02,481.4
2025-11-16,New York,400,12193.12,1942.92
2025-11-16,Los Angeles,333,9905.0,1769.17
2025-11-16,Chicago,237,6858.45,1362.1
2025-11-16,Dallas-Fort Worth,194,5926.22,1010.58
2025-11-16,Houston,201,5687.03,1150.88
2025-11-16,Philadelphia,157,4701.46,703.63
2025-11-16,Washington DC,153,4728.63,699.19
2025-11-16,Atlanta,132,3799.34,522.69
2025-11-16,Boston,127,3887.22,589.13
2025-11-16,San Francisco,146,4355.05,699.1
2025-11-16,Phoenix,146,4552.72,526.16
2025-11-16,Seattle,131,3753.26,665.3
2025-11-16,Minneapolis,127,4075.57,580.92
2025-11-16,Detroit,99,2942.84,511.87
2025-11-16,Denver,113,3324.36,545.83
2025-11-16,Miami,130,4012.63,645.51
2025-11-16,Tampa,99,3047.5,442.06
2025-11-16,Orlando,102,3051.37,548.7
2025-11-16,Portland,90,2417.97,402.78
2025-11-16,San Diego,90,2555.33,447.31
2025-11-17,New York,263,8195.21,1032.94
2025-11-17,Los Angeles,231,6503.94,1232.22
2025-11-17,Chicago,184,4999.59,824.21
2025-11-17,Dallas-Fort Worth,126,3579.33,547.31
2025-11-17,Houston,136,3773.86,689.29
2025-11-17,Philadelphia,106,3343.39,564.4
2025-11-17,Washington DC,135,4330.17,590.61
2025-11-17,Atlanta,111,3244.76,541.9
2025-11-17,Boston,106,3127.0,545.47
2025-11-17,San Francisco,89,2455.51,411.64
2025-11-17,Phoenix,119,3224.01,617.02
2025-11-17,Seattle,97,3050.29,410.47
2025-11-17,Minneapolis,89,2899.17,452.75
2025-11-17,Detroit,74,1960.13,333.21
2025-11-17,Denver,89,2732.85,501.27
2025-11-17,Miami,97,3026.94,542.36
2025-11-17,Tampa,71,2159.44,394.53
2025-11-17,Orlando,67,2042.25,355.75
2025-11-17,Portland,50,1408.28,254.68
2025-11-17,San Diego,79,2289.94,446.75
2025-11-18,New York,276,8683.16,1280.44
2025-11-18,Los Angeles,243,6899.39,1438.21
2025-11-18,Chicago,179,5365.44,901.85
2025-11-18,Dallas-Fort Worth,141,4409.21,602.03
2025-11-18,Houston,110,3474.29,509.03
2025-11-18,Philadelphia,127,3828.88,672.39
2025-11-18,Washington DC,107,2983.53,585.45
2025-11-18,Atlanta,115,3423.19,561.47
2025-11-18,Boston,112,3151.84,537.16
2025-11-18,San Francisco,104,3302.25,552.22
2025-11-18,Phoenix,104,2857.38,484.19
2025-11-18,Seattle,115,3638.17,647.45
2025-11-18,Minneapolis,79,2406.18,362.92
2025-11-18,Detroit,75,2468.21,427.57
2025-11-18,Denver,91,2753.43,409.78
2025-11-18,Miami,104,3287.17,534.67
2025-11-18,Tampa,66,1950.92,399.99
2025-11-18,Orlando,81,2248.19,439.72
2025-11-18,Portland,78,2513.68,390.36
2025-11-18,San Diego,64,1908.66,346.54
2025-11-19,New York,306,9177.76,1680.18
2025-11-19,Los Angeles,254,7666.53,1319.92
2025-11-19,Chicago,181,5780.11,980.14
2025-11-19,Dallas-Fort Worth,125,4196.3,649.03
2025-11-19,Houston,134,4068.19,653.67
2025-11-19,Philadelphia,125,3699.92,607.25
2025-11-19,Washington DC,123,3628.52,582.86
2025-11-19,Atlanta,123,3606.34,585.48
2025-11-19,Boston,105,3065.57,500.2
2025-11-19,San Francisco,113,3374.99,525.43
2025-11-19,Phoenix,105,3178.5,468.26
2025-11-19,Seattle,101,3012.27,534.47
2025-11-19,Minneapolis,85,2414.27,452.58
2025-11-19,Detroit,88,2768.38,390.22
2025-11-19,Denver,75,2191.17,359.51
2025-11-19,Miami,95,3009.29,420.17
2025-11-19,Tampa,85,2293.69,531.66
2025-11-19,Orlando,65,1742.48,294.85
2025-11-19,Portland,78,2422.68,480.66
2025-11-19,San Diego,74,2180.47,344.29
2025-11-20,New York,311,9136.77,1574.21
2025-11-20,Los Angeles,310,10096.9,1325.47
2025-11-20,Chicago,214,6629.48,1297.58
2025-11-20,Dallas-Fort Worth,146,4522.8,803.17
2025-11-20,Houston,141,4426.94,930.51
2025-11-20,Philadelphia,152,4371.79,799.97
2025-11-20,Washington DC,136,3975.58,712.76
2025-11-20,Atlanta,111,3476.54,603.13
2025-11-20,Boston,122,3434.7,625.44
2025-11-20,San Francisco,127,3782.71,660.31
2025-11-20,Phoenix,122,3838.28,561.71
2025-11-20,Seattle,104,3315.74,515.25
2025-11-20,Minneapolis,89,2633.24,438.38
2025-11-20,Detroit,92,2673.2,541.76
2025-11-20,Denver,90,2599.65,465.44
2025-11-20,Miami,112,3420.1,516.2
2025-11-20,Tampa,72,2052.81,386.53
2025-11-20,Orlando,91,2600.0,451.95
2025-11-20,Portland,67,1787.55,328.75
2025-11-20,San Diego,87,2722.52,377.7
2025-11-21,New York,350,10068.36,1787.97
2025-11-21,Los Angeles,274,8393.28,1525.47
2025-11-21,Chicago,201,5999.54,848.14
2025-11-21,Dallas-Fort Worth,156,4301.24,786.9
2025-11-21,Houston,145,4251.52,603.73
2025-11-21,Philadelphia,151,4729.08,688.42
2025-11-21,Washington DC,151,4222.3,805.43
2025-11-21,Atlanta,145,4327.94,741.03
2025-11-21,Boston,129,4189.5,658.45
2025-11-21,San Francisco,121,3683.67,526.37
2025-11-21,Phoenix,114,3242.44,492.53
2025-11-21,Seattle,85,2360.48,443.97
2025-11-21,Minneapolis,81,2594.61,408.64
2025-11-21,Detroit,98,2955.45,462.9
2025-11-21,Denver,91,2604.48,511.75
2025-11-21,Miami,106,3442.94,581.35
2025-11-21,Tampa,90,2872.29,437.54
2025-11-21,Orlando,84,2709.65,416.88
2025-11-21,Portland,75,2233.61,317.71
2025-11-21,San Diego,95,3050.36,447.12
2025-11-22,New York,385,12301.97,2048.5
2025-11-22,Los Angeles,338,10064.09,1554.06
2025-11-22,Chicago,218,6250.55,1162.03
2025-11-22,Dallas-Fort Worth,185,5506.09,790.93
2025-11-22,Houston,166,4949.35,917.4
2025-11-22,Philadelphia,158,4616.26,776.35
2025-11-22,Washington DC,158,5012.42,929.84
2025-11-22,Atlanta,162,4911.24,917.93
2025-11-22,Boston,150,4457.7,640.39
2025-11-22,San Francisco,116,3355.91,507.47
2025-11-22,Phoenix,127,3651.9,632.56
2025-11-22,Seattle,142,4581.3,649.37
2025-11-22,Minneapolis,122,3402.87,603.41
2025-11-22,Detroit,102,2960.19,448.84
2025-11-22,Denver,106,2900.2,555.27
2025-11-22,Miami,135,3887.58,615.82
2025-11-22,Tampa,102,3200.13,607.73
2025-11-22,Orlando,89,2746.96,470.36
2025-11-22,Portland,98,2921.26,480.59
2025-11-22,San Diego,88,2569.72,461.39
2025-11-23,New York,376,11587.97,2096.65
2025-11-23,Los Angeles,296,8451.51,1450.7
2025-11-23,Chicago,216,6846.31,1190.5
2025-11-23,Dallas-Fort Worth,164,4892.07,773.51
2025-11-23,Houston,166,4791.09,744.19
2025-11-23,Philadelphia,144,4319.43,592.69
2025-11-23,Washington DC,129,3811.28,737.64
2025-11-23,Atlanta,139,4017.51,582.73
2025-11-23,Boston,123,3899.02,682.34
2025-11-23,San Francisco,119,3772.05,521.25
2025-11-23,Phoenix,112,3532.52,529.57
2025-11-23,Seattle,126,4054.45,652.46
2025-11-23,Minneapolis,110,3607.87,590.9
2025-11-23,Detroit,107,3286.16,501.18
2025-11-23,Denver,98,3103.18,442.44
2025-11-23,Miami,115,3655.24,658.07
2025-11-23,Tampa,88,2585.5,442.3
2025-11-23,Orlando,101,2929.22,429.3
2025-11-23,Portland,86,2393.05,444.74
2025-11-23,San Diego,80,2540.46,381.67
2025-11-24,New York,266,8304.16,1411.77
2025-11-24,Los Angeles,247,7971.47,1303.57
2025-11-24,Chicago,164,4948.43,689.06
2025-11-24,Dallas-Fort Worth,150,4441.77,820.06
2025-11-24,Houston,130,4017.43,642.18
2025-11-24,Philadelphia,132,3913.4,639.35
2025-11-24,Washington DC,111,3132.54,501.97
2025-11-24,Atlanta,132,4195.38,689.05
2025-11-24,Boston,110,3261.2,498.81
2025-11-24,San Francisco,121,3671.98,454.71
2025-11-24,Phoenix,100,3182.31,480.08
2025-11-24,Seattle,106,3193.71,450.22
2025-11-24,Minneapolis,86,2621.66,402.69
2025-11-24,Detroit,84,2686.43,465.94
2025-11-24,Denver,86,2411.29,425.64
2025-11-24,Miami,97,2878.15,429.58
2025-11-24,Tampa,77,2444.2,398.57
2025-11-24,Orlando,69,1938.8,343.85
2025-11-24,Portland,68,2077.01,320.17
2025-11-24,San Diego,68,2124.62,311.03
2025-11-25,New York,282,8637.89,1392.23
2025-11-25,Los Angeles,231,7412.34,1015.22
2025-11-25,Chicago,142,4322.25,658.25
2025-11-25,Dallas-Fort Worth,143,3915.21,777.42
2025-11-25,Houston,164,5096.98,804.31
2025-11-25,Philadelphia,148,4336.04,639.55
2025-11-25,Washington DC,142,4590.5,715.01
2025-11-25,Atlanta,114,3305.31,620.02
2025-11-25,Boston,94,2592.12,515.31
2025-11-25,San Francisco,117,3449.08,588.49
2025-11-25,Phoenix,103,3008.41,474.38
2025-11-25,Seattle,100,3198.47,570.25
2025-11-25,Minneapolis,71,2094.85,342.74
2025-11-25,Detroit,84,2593.71,448.53
2025-11-25,Denver,84,2306.22,406.89
2025-11-25,Miami,96,2768.19,553.77
2025-11-25,Tampa,64,1913.12,287.13
2025-11-25,Orlando,74,2199.77,391.37
2025-11-25,Portland,62,1863.87,283.44
2025-11-25,San Diego,79,2298.16,351.88
2025-11-26,New York,321,10468.09,1541.7
2025-11-26,Los Angeles,241,7750.6,1148.02
2025-11-26,Chicago,167,5444.96,987.27
2025-11-26,Dallas-Fort Worth,174,4855.44,905.15
2025-11-26,Houston,125,3699.86,654.39
2025-11-26,Philadelphia,141,3877.55,827.23
2025-11-26,Washington DC,128,3743.5,673.19
2025-11-26,Atlanta,114,3320.69,599.2
2025-11-26,Boston,113,3641.99,483.47
2025-11-26,San Francisco,117,3231.64,600.02
2025-11-26,Phoenix,102,3199.37,511.63
2025-11-26,Seattle,106,3202.64,484.73
2025-11-26,Minneapolis,79,2392.54,411.54
2025-11-26,Detroit,77,2522.92,347.62
2025-11-26,Denver,79,2039.12,328.43
2025-11-26,Miami,86,2588.93,507.33
2025-11-26,Tampa,61,1847.43,337.79
2025-11-26,Orlando,68,1956.42,386.37
2025-11-26,Portland,66,1986.59,333.01
2025-11-26,San Diego,66,2068.73,328.59
2025-11-27,New York,291,8949.47,1626.79
2025-11-27,Los Angeles,258,7821.31,1215.29
2025-11-27,Chicago,153,4476.29,760.96
2025-11-27,Dallas-Fort Worth,143,4422.31,733.4
2025-11-27,Houston,156,5031.57,846.45
2025-11-27,Philadelphia,133,4152.19,700.56
2025-11-27,Washington DC,132,3964.38,661.7
2025-11-27,Atlanta,131,4097.17,742.99
2025-11-27,Boston,116,3488.83,613.33
2025-11-27,San Francisco,123,3611.78,611.93
2025-11-27,Phoenix,93,2856.92,508.0
2025-11-27,Seattle,98,2835.08,563.3
2025-11-27,Minneapolis,83,2622.6,374.71
2025-11-27,Detroit,86,2780.36,352.04
2025-11-27,Denver,79,2516.4,326.88
2025-11-27,Miami,98,2861.95,442.83
2025-11-27,Tampa,87,2512.26,429.44
2025-11-27,Orlando,69,2007.59,338.33
2025-11-27,Portland,68,2059.2,327.94
2025-11-27,San Diego,74,2191.75,347.27
2025-11-28,New York,305,9746.53,1424.93
2025-11-28,Los Angeles,357,10430.63,1926.72
2025-11-28,Chicago,199,6153.04,1110.31
2025-11-28,Dallas-Fort Worth,156,4548.15,770.89
2025-11-28,Houston,137,4430.81,654.18
2025-11-28,Philadelphia,156,4353.93,684.05
2025-11-28,Washington DC,138,4162.56,776.95
2025-11-28,Atlanta,141,4357.21,642.34
2025-11-28,Boston,122,3668.27,690.04
2025-11-28,San Francisco,134,3936.65,616.02
2025-11-28,Phoenix,121,3447.04,639.6
2025-11-28,Seattle,110,3087.29,578.59
2025-11-28,Minneapolis,99,3013.96,456.76
2025-11-28,Detroit,106,3106.15,527.19
2025-11-28,Denver,100,3096.52,419.86
2025-11-28,Miami,103,2930.29,538.71
2025-11-28,Tampa,98,3072.27,403.29
2025-11-28,Orlando,82,2489.67,417.14
2025-11-28,Portland,83,2578.04,425.66
2025-11-28,San Diego,90,2611.61,397.95
2025-11-29,New York,403,12545.85,2156.93
2025-11-29,Los Angeles,321,9089.81,1506.63
2025-11-29,Chicago,236,6945.5,1307.71
2025-11-29,Dallas-Fort Worth,209,6272.47,997.4
2025-11-29,Houston,182,5195.42,955.77
2025-11-29,Philadelphia,145,4221.88,711.72
2025-11-29,Washington DC,167,4878.41,727.5
2025-11-29,Atlanta,150,4934.65,692.35
2025-11-29,Boston,137,4081.51,627.36
2025-11-29,San Francisco,139,4253.89,805.59
2025-11-29,Phoenix,134,3833.77,627.36
2025-11-29,Seattle,130,3773.11,600.52
2025-11-29,Minneapolis,127,3945.64,635.84
2025-11-29,Detroit,82,2469.62,382.64
2025-11-29,Denver,104,3250.25,586.19
2025-11-29,Miami,119,3708.7,487.56
2025-11-29,Tampa,98,2908.32,575.06
2025-11-29,Orlando,100,3053.54,529.33
2025-11-29,Portland,87,2333.51,441.3
2025-11-29,San Diego,92,2867.15,508.65
2025-11-30,New York,336,9681.42,1599.29
2025-11-30,Los Angeles,349,10536.88,1493.28
2025-11-30,Chicago,227,6788.92,1061.04
2025-11-30,Dallas-Fort Worth,182,5343.14,1004.27
2025-11-30,Houston,177,5130.71,896.36
2025-11-30,Philadelphia,161,4770.89,849.15
2025-11-30,Washington DC,158,4869.35,803.54
2025-11-30,Atlanta,157,4840.9,873.18
2025-11-30,Boston,158,4659.29,706.48
2025-11-30,San Francisco,128,3898.85,722.44
2025-11-30,Phoenix,140,4197.73,669.74
2025-11-30,Seattle,136,4214.71,709.49
2025-11-30,Minneapolis,115,3649.97,638.35
2025-11-30,Detroit,95,2925.33,417.98
2025-11-30,Denver,90,2719.58,345.75
2025-11-30,Miami,128,4093.96,637.76
2025-11-30,Tampa,98,2799.45,467.27
2025-11-30,Orlando,90,2842.78,423.51
2025-11-30,Portland,83,2652.64,362.05
2025-11-30,San Diego,92,2696.35,463.37
2025-12-01,New York,286,8787.13,1483.69
2025-12-01,Los Angeles,202,5942.31,970.6
2025-12-01,Chicago,159,4796.98,680.21
2025-12-01,Dallas-Fort Worth,103,3164.57,549.27
2025-12-01,Houston,142,4555.15,617.42
2025-12-01,Philadelphia,108,2955.88,645.1
2025-12-01,Washington DC,110,2989.33,632.87
2025-12-01,Atlanta,116,3303.31,493.15
2025-12-01,Boston,108,3474.31,516.73
2025-12-01,San Francisco,98,2881.22,436.04
2025-12-01,Phoenix,101,3037.34,529.9
2025-12-01,Seattle,92,2736.91,507.69
2025-12-01,Minneapolis,76,2358.52,358.22
2025-12-01,Detroit,80,2473.58,387.31
2025-12-01,Denver,91,2785.0,515.27
2025-12-01,Miami,79,2725.36,414.25
2025-12-01,Tampa,78,2287.93,375.02
2025-12-01,Orlando,70,2114.76,390.61
2025-12-01,Portland,71,2183.27,407.38
2025-12-01,San Diego,69,2177.15,336.78
2025-12-02,New York,283,8520.14,1487.9
2025-12-02,Los Angeles,245,7872.25,1316.2
2025-12-02,Chicago,162,4826.29,971.43
2025-12-02,Dallas-Fort Worth,153,4282.22,731.0
2025-12-02,Houston,128,3801.17,589.15
2025-12-02,Philadelphia,126,3877.54,527.43
2025-12-02,Washington DC,105,2997.07,559.39
2025-12-02,Atlanta,129,3728.05,552.54
2025-12-02,Boston,128,3814.83,661.89
2025-12-02,San Francisco,94,2894.55,515.33
2025-12-02,Phoenix,103,3005.25,529.36
2025-12-02,Seattle,99,3139.67,568.95
2025-12-02,Minneapolis,94,2818.96,520.16
2025-12-02,Detroit,88,2747.52,449.44
2025-12-02,Denver,67,1981.86,334.16
2025-12-02,Miami,112,3421.64,578.79
2025-12-02,Tampa,68,2123.08,360.22
2025-12-02,Orlando,72,2113.27,382.81
2025-12-02,Portland,73,2063.02,352.88
2025-12-02,San Diego,74,2067.19,350.17
2025-12-03,New York,341,10385.31,1967.67
2025-12-03,Los Angeles,258,7491.45,1309.37
2025-12-03,Chicago,195,5934.68,977.38
2025-12-03,Dallas-Fort Worth,165,4963.15,858.34
2025-12-03,Houston,164,5067.07,755.16
2025-12-03,Philadelphia,142,4231.23,769.22
2025-12-03,Washington DC,129,3756.1,640.89
2025-12-03,Atlanta,120,3495.41,584.88
2025-12-03,Boston,105,3111.82,491.01
2025-12-03,San Francisco,121,3504.54,624.84
2025-12-03,Phoenix,113,3405.93,602.61
2025-12-03,Seattle,104,2969.4,427.24
2025-12-03,Minneapolis,92,2893.32,505.47
2025-12-03,Detroit,70,2025.32,359.95
2025-12-03,Denver,76,2323.65,386.84
2025-12-03,Miami,96,2728.93,450.16
2025-12-03,Tampa,85,2377.17,414.28
2025-12-03,Orlando,75,2363.35,370.18
2025-12-03,Portland,66,2018.49,308.71
2025-12-03,San Diego,81,2436.93,332.92
2025-12-04,New York,332,9831.51,1585.96
2025-12-04,Los Angeles,281,8513.96,1300.28
2025-12-04,Chicago,174,4621.63,813.57
2025-12-04,Dallas-Fort Worth,179,5546.13,903.09
2025-12-04,Houston,127,3707.39,598.08
2025-12-04,Philadelphia,149,4473.22,772.48
2025-12-04,Washington DC,136,4092.88,660.47
2025-12-04,Atlanta,121,3492.84,623.08
2025-12-04,Boston,118,3698.59,494.03
2025-12-04,San Francisco,129,3786.59,491.67
2025-12-04,Phoenix,98,2803.44,435.76
2025-12-04,Seattle,114,3636.66,528.6
2025-12-04,Minneapolis,83,2372.76,450.69
2025-12-04,Detroit,88,2770.95,425.14
2025-12-04,Denver,91,2753.59,491.56
2025-12-04,Miami,115,3509.89,570.75
2025-12-04,Tampa,90,2754.6,485.28
2025-12-04,Orlando,85,2740.19,486.91
2025-12-04,Portland,73,2070.3,337.84
2025-12-04,San Diego,96,2630.42,472.22
2025-12-05,New York,329,8815.95,1733.76
2025-12-05,Los Angeles,320,10303.39,1582.36
2025-12-05,Chicago,220,6660.94,897.32
2025-12-05,Dallas-Fort Worth,169,4919.51,831.93
2025-12-05,Houston,164,4963.88,886.07
2025-12-05,Philadelphia,164,5357.02,845.36
2025-12-05,Washington DC,141,4162.0,855.18
2025-12-05,Atlanta,129,4195.27,604.97
2025-12-05,Boston,135,4356.19,675.51
2025-12-05,San Francisco,116,3181.33,511.91
2025-12-05,Phoenix,125,3549.05,643.42
2025-12-05,Seattle,121,4089.87,581.72
2025-12-05,Minneapolis,100,2815.05,409.17
2025-12-05,Detroit,83,2623.33,393.33
2025-12-05,Denver,100,2731.42,612.76
2025-12-05,Miami,109,3379.56,516.36
2025-12-05,Tampa,98,3129.0,393.75
2025-12-05,Orlando,89,2570.99,486.97
2025-12-05,Portland,87,2534.92,386.87
2025-12-05,San Diego,86,2561.84,432.5
2025-12-06,New York,436,13067.92,2247.39
2025-12-06,Los Angeles,320,9687.36,1855.88
2025-12-06,Chicago,250,7700.66,1147.64
2025-12-06,Dallas-Fort Worth,212,6578.14,1188.54
2025-12-06,Houston,194,5967.34,998.64
2025-12-06,Philadelphia,185,5287.04,786.95
2025-12-06,Washington DC,156,4481.23,731.92
2025-12-06,Atlanta,165,4869.69,812.74
2025-12-06,Boston,144,4621.54,682.57
2025-12-06,San Francisco,156,4397.56,802.03
2025-12-06,Phoenix,143,4082.77,804.47
2025-12-06,Seattle,135,4407.49,692.67
2025-12-06,Minneapolis,109,3240.03,557.95
2025-12-06,Detroit,119,3419.01,616.53
2025-12-06,Denver,114,3625.8,515.93
2025-12-06,Miami,122,3601.09,589.17
2025-12-06,Tampa,107,3402.13,505.36
2025-12-06,Orlando,105,2971.15,504.0
2025-12-06,Portland,89,2493.1,373.72
2025-12-06,San Diego,105,3040.42,510.15
2025-12-07,New York,376,11564.58,1855.93
2025-12-07,Los Angeles,372,11765.07,1892.75
2025-12-07,Chicago,230,7016.67,1297.14
2025-12-07,Dallas-Fort Worth,196,6010.47,1012.53
2025-12-07,Houston,194,5787.9,981.44
2025-12-07,Philadelphia,150,4265.63,801.93
2025-12-07,Washington DC,174,5438.17,732.69
2025-12-07,Atlanta,150,4548.7,841.33
2025-12-07,Boston,141,4179.06,595.48
2025-12-07,San Francisco,133,4090.24,704.1
2025-12-07,Phoenix,112,3425.85,561.11
2025-12-07,Seattle,125,3574.69,594.88
2025-12-07,Minneapolis,114,3376.72,557.79
2025-12-07,Detroit,114,3529.1,503.55
2025-12-07,Denver,108,2980.0,483.22
2025-12-07,Miami,139,3859.75,620.17
2025-12-07,Tampa,117,3506.82,578.85
2025-12-07,Orlando,95,2901.89,548.76
2025-12-07,Portland,96,2798.93,494.26
2025-12-07,San Diego,95,2844.85,535.53
2025-12-08,New York,296,8925.08,1452.69
2025-12-08,Los Angeles,272,8926.05,1339.51
2025-12-08,Chicago,181,5516.08,941.82
2025-12-08,Dallas-Fort Worth,151,4643.78,803.51
2025-12-08,Houston,134,4008.28,685.56
2025-12-08,Philadelphia,114,3348.91,658.24
2025-12-08,Washington DC,126,3365.78,643.72
2025-12-08,Atlanta,115,3153.24,606.11
2025-12-08,Boston,116,3197.37,556.92
2025-12-08,San Francisco,98,2804.81,566.28
2025-12-08,Phoenix,98,3049.2,449.39
2025-12-08,Seattle,94,2799.89,502.78
2025-12-08,Minneapolis,87,2185.34,419.85
2025-12-08,Detroit,83,2258.26,348.18
2025-12-08,Denver,67,1839.38,276.98
2025-12-08,Miami,82,2411.55,338.04
2025-12-08,Tampa,72,2161.89,457.92
2025-12-08,Orlando,64,2001.14,251.27
2025-12-08,Portland,71,2062.35,375.87
2025-12-08,San Diego,71,2101.04,340.16
2025-12-09,New York,278,8904.26,1537.22
2025-12-09,Los Angeles,276,8172.16,1174.94
2025-12-09,Chicago,195,6010.53,883.57
2025-12-09,Dallas-Fort Worth,148,4368.85,671.45
2025-12-09,Houston,133,3815.47,689.32
2025-12-09,Philadelphia,130,3871.43,628.81
2025-12-09,Washington DC,130,3689.57,665.74
2025-12-09,Atlanta,100,3034.67,541.88
2025-12-09,Boston,101,3156.62,547.73
2025-12-09,San Francisco,118,3529.37,646.84
2025-12-09,Phoenix,115,3518.32,648.56
2025-12-09,Seattle,104,3043.27,484.17
2025-12-09,Minneapolis,93,2919.28,439.45
2025-12-09,Detroit,80,2368.65,437.44
2025-12-09,Denver,70,2248.59,362.72
2025-12-09,Miami,82,2336.85,394.71
2025-12-09,Tampa,75,2250.57,382.13
2025-12-09,Orlando,68,2219.61,345.41
2025-12-09,Portland,66,2076.44,293.54
2025-12-09,San Diego,79,2236.02,465.46
2025-12-10,New York,265,7824.76,1433.37
2025-12-10,Los Angeles,256,8338.21,1290.55
2025-12-10,Chicago,165,5282.26,944.22
2025-12-10,Dallas-Fort Worth,127,4059.42,713.96
2025-12-10,Houston,119,3639.43,564.89
2025-12-10,Philadelphia,109,3394.09,596.63
2025-12-10,Washington DC,124,3591.76,693.33
2025-12-10,Atlanta,116,3537.3,550.43
2025-12-10,Boston,97,2960.0,511.36
2025-12-10,San Francisco,110,3422.67,645.79
2025-12-10,Phoenix,98,2666.86,534.12
2025-12-10,Seattle,94,2669.99,405.04
2025-12-10,Minneapolis,92,2656.07,430.12
2025-12-10,Detroit,84,2567.66,415.11
2025-12-10,Denver,75,2040.19,447.16
2025-12-10,Miami,72,2154.29,317.52
2025-12-10,Tampa,74,2190.2,378.4
2025-12-10,Orlando,72,1859.65,400.66
2025-12-10,Portland,67,1909.59,331.57
2025-12-10,San Diego,65,1657.44,370.98
2025-12-11,New York,340,10807.22,1872.03
2025-12-11,Los Angeles,275,8265.15,1352.8
2025-12-11,Chicago,198,5634.18,1091.39
2025-12-11,Dallas-Fort Worth,161,4818.09,853.04
2025-12-11,Houston,154,4534.95,748.82
2025-12-11,Philadelphia,117,3713.25,608.66
2025-12-11,Washington DC,139,4518.99,645.45
2025-12-11,Atlanta,133,3839.52,738.09
2025-12-11,Boston,114,3607.82,639.16
2025-12-11,San Francisco,125,4012.78,610.39
2025-12-11,Phoenix,111,3426.03,507.4
2025-12-11,Seattle,111,3481.84,604.61
2025-12-11,Minneapolis,96,2709.61,512.91
2025-12-11,Detroit,86,2584.8,324.75
2025-12-11,Denver,99,3035.07,456.84
2025-12-11,Miami,109,3110.15,603.61
2025-12-11,Tampa,84,2580.04,448.37
2025-12-11,Orlando,93,3046.55,537.03
2025-12-11,Portland,81,2588.19,339.34
2025-12-11,San Diego,82,2309.13,365.79
2025-12-12,New York,353,9883.55,1541.66
2025-12-12,Los Angeles,334,10293.56,1711.86
2025-12-12,Chicago,187,5620.43,1012.86
2025-12-12,Dallas-Fort Worth,166,4661.59,809.32
2025-12-12,Houston,168,5256.01,760.98
2025-12-12,Philadelphia,152,4655.5,837.38
2025-12-12,Washington DC,157,4633.4,673.35
2025-12-12,Atlanta,164,5097.58,756.44
2025-12-12,Boston,134,4021.13,689.55
2025-12-12,San Francisco,128,4079.85,725.79
2025-12-12,Phoenix,131,3967.73,609.4
2025-12-12,Seattle,121,3419.37,656.95
2025-12-12,Minneapolis,115,3493.12,685.64
2025-12-12,Detroit,102,3043.97,573.77
2025-12-12,Denver,88,2691.05,369.78
2025-12-12,Miami,104,3097.19,473.11
2025-12-12,Tampa,100,2925.8,605.63
2025-12-12,Orlando,93,2682.7,481.71
2025-12-12,Portland,88,2925.34,385.18
2025-12-12,San Diego,87,2747.46,448.71
2025-12-13,New York,353,10480.32,1984.53
2025-12-13,Los Angeles,342,10422.74,1971.47
2025-12-13,Chicago,221,6610.99,1032.66
2025-12-13,Dallas-Fort Worth,169,5187.59,725.52
2025-12-13,Houston,178,5698.77,949.22
2025-12-13,Philadelphia,175,4863.9,873.11
2025-12-13,Washington DC,171,4832.66,891.8
2025-12-13,Atlanta,140,3950.93,741.92
2025-12-13,Boston,141,4218.84,786.77
2025-12-13,San Francisco,132,4540.35,737.89
2025-12-13,Phoenix,131,4167.46,705.24
2025-12-13,Seattle,137,4075.94,758.97
2025-12-13,Minneapolis,117,3639.81,609.68
2025-12-13,Detroit,107,3181.35,463.39
2025-12-13,Denver,104,2967.14,519.32
2025-12-13,Miami,130,4203.87,580.75
2025-12-13,Tampa,95,2696.47,493.14
2025-12-13,Orlando,98,2877.56,480.52
2025-12-13,Portland,106,3109.98,496.41
2025-12-13,San Diego,86,2395.05,479.78
2025-12-14,New York,378,12020.41,1866.27
2025-12-14,Los Angeles,333,9975.35,1331.47
2025-12-14,Chicago,215,6530.94,1122.5
2025-12-14,Dallas-Fort Worth,195,5803.64,1000.6
2025-12-14,Houston,207,6683.82,1051.21
2025-12-14,Philadelphia,161,4999.24,937.81
2025-12-14,Washington DC,180,5019.02,893.67
2025-12-14,Atlanta,152,4303.36,787.95
2025-12-14,Boston,141,4206.02,711.94
2025-12-14,San Francisco,153,4686.33,669.84
2025-12-14,Phoenix,152,4437.24,924.67
2025-12-14,Seattle,135,4305.88,763.1
2025-12-14,Minneapolis,111,3285.64,536.86
2025-12-14,Detroit,107,3206.76,479.39
2025-12-14,Denver,108,3242.16,433.65
2025-12-14,Miami,124,3624.87,574.7
2025-12-14,Tampa,116,3201.06,522.05
2025-12-14,Orlando,98,2902.07,516.81
2025-12-14,Portland,101,3316.12,515.17
2025-12-14,San Diego,92,2809.55,402.08
